uni_name,urap_id
AALBORG UNIVERSITY,URAP00001
AALTO UNIVERSITY,URAP00002
AARHUS UNIVERSITY,URAP00003
ABANT IZZET BAYSAL UNIVERSITY,URAP00004
ABERYSTWYTH UNIVERSITY,URAP00005
ABO AKADEMI UNIVERSITY,URAP00006
ACADEMY OF ECONOMIC STUDIES BUCHAREST,URAP00007
ACADIA UNIVERSITY,URAP00008
ACHARYA NAGARJUNA UNIVERSITY,URAP00009
ADAM MICKIEWICZ UNIVERSITY POZNAN,URAP00010
ADDIS ABABA UNIVERSITY,URAP00011
ADELPHI UNIVERSITY,URAP00012
ADIYAMAN UNIVERSITY,URAP00013
ADNAN MENDERES UNIVERSITY,URAP00014
AFYON KOCATEPE UNIVERSITY,URAP00015
AGH UNIVERSITY OF SCIENCE & TECHNOLOGY,URAP00016
AGRICULTURAL UNIVERSITY OF ATHENS,URAP00017
AGROPARISTECH INSTITUT DES SCIENCES ET INDUSTRIES DU VIVANT ET DE LENVIRONNEMENT,URAP00018
AHI EVRAN UNIVERSITY,URAP00019
AHMADU BELLO UNIVERSITY,URAP00020
AICHI GAKUIN UNIVERSITY,URAP00021
AICHI MEDICAL UNIVERSITY,URAP00022
AIN SHAMS UNIVERSITY,URAP00023
AIRLANGGA UNIVERSITY,URAP00024
AJOU UNIVERSITY,URAP00025
AKADEMIA MEDYCZNA W BIALYMSTOKU,URAP00026
AKADEMIA MEDYCZNA W GDANSKU,URAP00027
AKADEMIA ROLNICZA IM. HUGONA KOLLATAJA W KRAKOWIE,URAP00028
AKDENIZ UNIVERSITY,URAP00029
AKERSHUS UNIVERSITY COLLEGE,URAP00030
AKITA PREFECTURAL UNIVERSITY,URAP00031
AKITA UNIVERSITY,URAP00032
AKSARAY UNIVERSITY,URAP00033
AL-AZHAR UNIVERSITY,URAP00034
AL-BALQA APPLIED UNIVERSITY,URAP00035
ALABAMA A AND M UNIVERSITY,URAP00036
ALAGAPPA UNIVERSITY,URAP00037
ALBANY MEDICAL COLLEGE,URAP00038
ALEAZHAR UNIVERSITY,URAP00039
ALEBALQA APPLIED UNIVERSITY,URAP00040
ALEXANDRIA UNIVERSITY,URAP00041
ALEXANDRU IOAN CUZA UNIVERSITY,URAP00042
ALFRED UNIVERSITY,URAP00043
ALIGARH MUSLIM UNIVERSITY,URAP00044
ALPEN ADRIA UNIVERSITAT KLAGENFURT,URAP00045
AMERICAN UNIVERSITY OF BEIRUT (AUB),URAP00046
AMERICAN UNIVERSITY OF SHARJAH,URAP00047
AMERICAN UNIVERSITY WASHINGTON DC,URAP00048
AMHERST COLLEGE,URAP00049
AMIRKABIR UNIVERSITY OF TECHNOLOGY,URAP00050
AMTSSYGEHUSET I HERLEV,URAP00051
ANADOLU UNIVERSITY,URAP00052
ANDHRA UNIVERSITY,URAP00053
ANDONG NATIONAL UNIVERSITY,URAP00054
ANDREWS UNIVERSITY,URAP00055
ANGLIA RUSKIN UNIVERSITY,URAP00056
ANHUI AGRICULTURAL UNIVERSITY,URAP00057
ANHUI MEDICAL UNIVERSITY,URAP00058
ANHUI NORMAL UNIVERSITY,URAP00059
ANHUI UNIVERSITY,URAP00060
ANKARA UNIVERSITY,URAP00061
ANNA UNIVERSITY,URAP00062
ANNAMALAI UNIVERSITY,URAP00063
AOYAMA GAKUIN UNIVERSITY,URAP00064
APPALACHIAN STATE UNIVERSITY,URAP00065
ARABIAN GULF UNIVERSITY,URAP00066
ARAK UNIVERSITY,URAP00067
ARIEL UNIVERSITY,URAP00068
ARISTOTLE UNIVERSITY OF THESSALONIKI,URAP00069
ARIZONA STATE UNIVERSITY,URAP00070
ARKANSAS STATE UNIVERSITY,URAP00071
ASAHIKAWA MEDICAL COLLEGE,URAP00072
ASIA UNIVERSITY,URAP00073
ASIAN INSTITUTE OF TECHNOLOGY THAILAND,URAP00074
ASSIUT UNIVERSITY,URAP00075
ASTON UNIVERSITY,URAP00076
ATATURK UNIVERSITY,URAP00077
ATHABASCA UNIVERSITY,URAP00078
ATHENS UNIVERSITY OF ECONOMICS AND BUSINESS,URAP00079
ATILIM UNIVERSITY,URAP00080
AUBURN UNIVERSITY,URAP00081
AUCKLAND UNIVERSITY OF TECHNOLOGY,URAP00082
AUSTRAL UNIVERSITY,URAP00083
AUSTRALIAN CATHOLIC UNIVERSITY (ACU),URAP00084
AUSTRALIAN NATIONAL UNIVERSITY,URAP00085
AZABU UNIVERSITY,URAP00086
BABSON COLLEGE,URAP00087
BAHAUDDIN ZAKARIYA UNIVERSITY,URAP00088
BAHCESEHIR UNIVERSITY,URAP00089
BAKU STATE UNIVERSITY,URAP00090
BALIKESIR UNIVERSITY,URAP00091
BALL STATE UNIVERSITY,URAP00092
BANARAS HINDU UNIVERSITY,URAP00093
BANDUNG INSTITUTE OF TECHNOLOGY (ITB),URAP00094
BANGALORE UNIVERSITY,URAP00095
BANGLADESH AGRICULTURAL UNIVERSITY,URAP00096
BANGLADESH UNIVERSITY OF ENGINEERING AND TECHNOLOGY,URAP00097
BANGOR UNIVERSITY,URAP00098
BAQIYATALLAH UNIVERSITY OF MEDICAL SCIENCES,URAP00099
BAR-ILAN UNIVERSITY,URAP00100
BARD COLLEGE,URAP00101
BAREILAN UNIVERSITY,URAP00102
BARNARD COLLEGE,URAP00103
BARUCH COLLEGE,URAP00104
BASKENT UNIVERSITY,URAP00105
BATES COLLEGE,URAP00106
BAUHAUS UNIVERSITAT WEIMAR,URAP00107
BAYLOR COLLEGE OF DENTISTRY,URAP00108
BAYLOR UNIVERSITY,URAP00109
BEIHANG UNIVERSITY,URAP00110
BEIJING FORESTRY UNIVERSITY,URAP00111
BEIJING INSTITUTE OF TECHNOLOGY,URAP00112
BEIJING JIAOTONG DAXUE,URAP00113
BEIJING MEDICAL UNIVERSITY,URAP00114
BEIJING NORMAL UNIVERSITY,URAP00115
BEIJING UNIVERSITY OF CHEMICAL TECHNOLOGY,URAP00116
BEIJING UNIVERSITY OF POSTS AND TELECOMMUNICATIONS,URAP00117
BEIJING UNIVERSITY OF TECHNOLOGY,URAP00118
BELARUSIAN STATE UNIVERSITY,URAP00119
BEN GURION UNIVERSITY OF THE NEGEV,URAP00120
BENGAL ENGINEERING AND SCIENCE UNIVERSITY,URAP00121
BENTLEY COLLEGE,URAP00122
BERGEN UNIVERSITY COLLEGE,URAP00123
BERGISCHE UNIVERSITAT WUPPERTAL,URAP00124
BHARATHIAR UNIVERSITY,URAP00125
BHARATHIDASAN UNIVERSITY,URAP00126
BI NORWEGIAN SCHOOL OF MANAGEMENT,URAP00127
BINGHAMTON UNIVERSITY,URAP00128
BIRKBECK UNIVERSITY OF LONDON,URAP00129
BISHOPS UNIVERSITE,URAP00130
BLEKINGE INSTITUTE OF TECHNOLOGY,URAP00131
BLOOMSBURG UNIVERSITY OF PENNSYLVANIA,URAP00132
BOGAZICI UNIVERSITY,URAP00133
BOGOR AGRICULTURAL UNIVERSITY,URAP00134
BOHAI UNIVERSITY,URAP00135
BOISE STATE UNIVERSITY,URAP00136
BOND UNIVERSITY,URAP00137
BOSTON COLLEGE,URAP00138
BOSTON UNIVERSITY,URAP00139
BOURNEMOUTH UNIVERSITY,URAP00140
BOWDOIN COLLEGE,URAP00141
BOWLING GREEN STATE UNIVERSITY,URAP00142
BOZOK UNIVERSITY,URAP00143
BRADLEY UNIVERSITY,URAP00144
BRANDEIS UNIVERSITY,URAP00145
BRANDENBURGISCHE TECHNISCHE UNIVERSITAT COTTBUS,URAP00146
BRIGHAM YOUNG UNIVERSITY,URAP00147
BROCK UNIVERSITY,URAP00148
BROOKLYN COLLEGE,URAP00149
BROWN UNIVERSITY,URAP00150
BRUNEL UNIVERSITY,URAP00151
BRYN MAWR COLLEGE,URAP00152
BU ALI SINA UNIVERSITY,URAP00153
BUCKNELL UNIVERSITY,URAP00154
BUDAPEST UNIVERSITY OF TECHNOLOGY AND ECONOMICS,URAP00155
BUFFALO STATE COLLEGE,URAP00156
BULENT ECEVIT UNIVERSITY,URAP00157
BURAPHA UNIVERSITY,URAP00158
BUTLER UNIVERSITY,URAP00159
CAIRO UNIVERSITY,URAP00160
CALIFORNIA INSTITUTE OF TECHNOLOGY CALTECH,URAP00161
CALIFORNIA POLYTECHNIC STATE UNIVERSITY,URAP00162
CALIFORNIA POLYTECHNIC STATE UNIVERSITY POMONA,URAP00163
CALIFORNIA STATE UNIVERSITY CHICO,URAP00164
CALIFORNIA STATE UNIVERSITY DOMINGUEZ HILLS,URAP00165
CALIFORNIA STATE UNIVERSITY FRESNO,URAP00166
CALIFORNIA STATE UNIVERSITY FULLERTON,URAP00167
CALIFORNIA STATE UNIVERSITY LONG BEACH,URAP00168
CALIFORNIA STATE UNIVERSITY LOS ANGELES,URAP00169
CALIFORNIA STATE UNIVERSITY NORTHRIDGE,URAP00170
CALIFORNIA STATE UNIVERSITY SACRAMENTO,URAP00171
CALIFORNIA STATE UNIVERSITY SAN BERNARDINO,URAP00172
CALIFORNIA STATE UNIVERSITY SAN MARCOS,URAP00173
CALVIN COLLEGE,URAP00174
CANAKKALE 18 MART UNIVERSITY,URAP00175
CANKAYA UNIVERSITY,URAP00176
CANTHO UNIVERSITY,URAP00177
CAPITAL MEDICAL UNIVERSITY CHINA,URAP00178
CAPITAL NORMAL UNIVERSITY,URAP00179
CARDIFF UNIVERSITY,URAP00180
CARL VON OSSIETZKY UNIVERSITAT OLDENBURG,URAP00181
CARLETON COLLEGE,URAP00182
CARLETON UNIVERSITY,URAP00183
CARNEGIE INSTITUTION OF WASHINGTON,URAP00184
CARNEGIE MELLON UNIVERSITY,URAP00185
CAROL DAVILA UNIVERSITY OF MEDICINE AND PHARMACY,URAP00186
CASE WESTERN RESERVE UNIVERSITY,URAP00187
CATHOLIC UNIVERSITY OF AMERICA,URAP00188
CATHOLIC UNIVERSITY OF DAEGU,URAP00189
CATHOLIC UNIVERSITY OF LEUVEN,URAP00190
CAYETANO HEREDIA UNIVERSITY,URAP00191
CCS HARYANA AGRICULTURAL UNIVERSITY,URAP00192
CELAL BAYAR UNIVERSITY,URAP00193
CENTRAL CHINA NORMAL UNIVERSITY,URAP00194
CENTRAL EUROPEAN UNIVERSITY,URAP00195
CENTRAL MICHIGAN UNIVERSITY,URAP00196
CENTRAL QUEENSLAND UNIVERSITY,URAP00197
CENTRAL SOUTH UNIVERSITY CHINA,URAP00198
CENTRAL UNIVERSITY OF LAS VILLAS,URAP00199
CENTRAL WASHINGTON UNIVERSITY,URAP00200
CHALMERS UNIVERSITY OF TECHNOLOGY,URAP00201
CHANG GUNG UNIVERSITY,URAP00202
CHANG JUNG CHRISTIAN UNIVERSITY,URAP00203
CHANGAN UNIVERSITY,URAP00204
CHANGCHUN UNIVERSITY OF SCIENCE AND TECHNOLOGY,URAP00205
CHANGSHA UNIVERSITY OF SCIENCE AND TECHNOLOGY,URAP00206
CHANGWON NATIONAL UNIVERSITY,URAP00207
CHAOYANG UNIVERSITY OF TECHNOLOGY,URAP00208
CHAPMAN UNIVERSITY,URAP00209
CHARITE UNIVERSITATSMEDIZIN BERLIN,URAP00210
CHARLES DARWIN UNIVERSITY,URAP00211
CHARLES STURT UNIVERSITY,URAP00212
CHARLES UNIVERSITY,URAP00213
CHEJU NATIONAL UNIVERSITY,URAP00214
CHENG SHIU UNIVERSITY TAIWAN,URAP00215
CHENGDU UNIVERSITY OF TECHNOLOGY,URAP00216
CHHATRAPATI SHAHUJI MAHARAJ MEDICAL UNIVERSITY,URAP00217
CHIA-NAN UNIVERSITY OF PHARMACY AND SCIENCE TAIWAN,URAP00218
CHIAENAN UNIVERSITY OF PHARMACY AND SCIENCE TAIWAN,URAP00219
CHIANG MAI UNIVERSITY,URAP00220
CHIBA UNIVERSITY,URAP00221
CHINA AGRICULTURAL UNIVERSITY,URAP00222
CHINA JILIANG UNIVERSITY,URAP00223
CHINA MEDICAL UNIVERSITY SHENYANG,URAP00224
CHINA MEDICAL UNIVERSITY TAIWAN,URAP00225
CHINA PHARMACEUTICAL UNIVERSITY,URAP00226
CHINA THREE GORGES UNIVERSITY,URAP00227
CHINA UNIVERSITY OF GEOSCIENCES,URAP00228
CHINA UNIVERSITY OF MINING & TECHNOLOGY,URAP00229
CHINA UNIVERSITY OF PETROLEUM,URAP00230
CHINA WEST NORMAL UNIVERSITY,URAP00231
CHINESE CULTURE UNIVERSITY,URAP00232
CHINESE UNIVERSITY OF HONG KONG,URAP00233
CHING YUN UNIVERSITY,URAP00234
CHONBUK NATIONAL UNIVERSITY,URAP00235
CHONGQING NORMAL UNIVERSITY,URAP00236
CHONGQING UNIVERSITY,URAP00237
CHONGQING UNIVERSITY OF POSTS & TELECOMMUNICATIONS,URAP00238
CHONNAM NATIONAL UNIVERSITY (YOSU),URAP00239
CHOSUN UNIVERSITY,URAP00240
CHRISTIAN MEDICAL COLLEGE VELLORE,URAP00241
CHU DE TOULOUSE,URAP00242
CHU HOPITAUX DE ROUEN,URAP00243
CHUBU UNIVERSITY,URAP00244
CHULALONGKORN UNIVERSITY,URAP00245
CHUNG ANG UNIVERSITY,URAP00246
CHUNG HUA UNIVERSITY,URAP00247
CHUNG SHAN MEDICAL UNIVERSITY,URAP00248
CHUNG YUAN CHRISTIAN UNIVERSITY,URAP00249
CHUNGBUK NATIONAL UNIVERSITY,URAP00250
CHUNGNAM NATIONAL UNIVERSITY,URAP00251
CHUO UNIVERSITY,URAP00252
CITY UNIVERSITY LONDON,URAP00253
CITY UNIVERSITY OF HONG KONG,URAP00254
CITY UNIVERSITY OF NEW YORK,URAP00255
CITY UNIVERSITY OF NEW YORK CITY COLLEGE,URAP00256
CLAREMONT GRADUATE UNIVERSITY,URAP00257
CLAREMONT MCKENNA COLLEGE,URAP00258
CLARK ATLANTA UNIVERSITY,URAP00259
CLARK UNIVERSITY,URAP00260
CLARKSON UNIVERSITY,URAP00261
CLEMSON UNIVERSITY,URAP00262
CLEVELAND STATE UNIVERSITY,URAP00263
COCHIN UNIVERSITY OF SCIENCE AND TECHNOLOGY,URAP00264
COLBY COLLEGE,URAP00265
COLGATE UNIVERSITY,URAP00266
COLLEGE DE FRANCE,URAP00267
COLLEGE OF CHARLESTON,URAP00268
COLLEGE OF NEW JERSEY,URAP00269
COLLEGE OF SAINT BENEDICT SAINT JOHNS UNIVERSITY,URAP00270
COLLEGE OF STATEN ISLAND,URAP00271
COLLEGE OF THE HOLY CROSS,URAP00272
COLLEGE OF WILLIAM & MARY,URAP00273
COLORADO SCHOOL OF MINES,URAP00274
COLORADO STATE UNIVERSITY,URAP00275
COLUMBIA UNIVERSITY NEW YORK,URAP00276
COMENIUS UNIVERSITY IN BRATISLAVA,URAP00277
CONCORDIA UNIVERSITY MONTREAL,URAP00278
CONNECTICUT COLLEGE,URAP00279
CONSERVATOIRE NATIONAL DES ARTS ET METIERS,URAP00280
COPENHAGEN BUSINESS SCHOOL,URAP00281
CORK INSTITUTE OF TECHNOLOGY,URAP00282
CORNELL UNIVERSITY,URAP00283
CORVINUS UNIVERSITY OF BUDAPEST,URAP00284
COVENTRY UNIVERSITY,URAP00285
CRACOW UNIVERSITY OF TECHNOLOGY,URAP00286
CRANFIELD UNIVERSITY,URAP00287
CREIGHTON UNIVERSITY,URAP00288
CUKUROVA UNIVERSITY,URAP00289
CUMHURIYET UNIVERSITY,URAP00290
CURTIN UNIVERSITY OF TECHNOLOGY,URAP00291
CYPRUS UNIVERSITY OF TECHNOLOGY,URAP00292
CZECH TECHNICAL UNIVERSITY,URAP00293
CZECH UNIVERSITY OF AGRICULTURE,URAP00294
DA-YEH UNIVERSITY,URAP00295
DAEYEH UNIVERSITY,URAP00296
DALARNA UNIVERSITY,URAP00297
DALHOUSIE UNIVERSITY,URAP00298
DALIAN JIAOTONG UNIVERSITY,URAP00299
DALIAN MARITIME UNIVERSITY,URAP00300
DALIAN MEDICAL UNIVERSITY,URAP00301
DALIAN UNIVERSITY,URAP00302
DALIAN UNIVERSITY OF TECHNOLOGY,URAP00303
DAMASCUS UNIVERSITY,URAP00304
DANESHGAHE AZAD ESLAMI,URAP00305
DANESHGAHE MAZANDARAN,URAP00306
DANESHGAHE OLOOM PEZESHKI VA KHADAMAT BEHDASHTI DARMANI IRAN,URAP00307
DANESHGAHE SHAHID BAHONAR-E-KERMAN,URAP00308
DANESHGAHE SHAHID BAHONAREEEKERMAN,URAP00309
DANESHGAHE TABRIZ,URAP00310
DANESHGAHE TARBIAT MODARES,URAP00311
DANKOOK UNIVERSITY,URAP00312
DARTMOUTH COLLEGE,URAP00313
DAVIDSON COLLEGE,URAP00314
DE LA SALLE UNIVERSITY,URAP00315
DE MONTFORT UNIVERSITY,URAP00316
DEAKIN UNIVERSITY,URAP00317
DELFT UNIVERSITY OF TECHNOLOGY,URAP00318
DEMOKRITOS UNIVERSITY OF THRACE,URAP00319
DEPAUL UNIVERSITY,URAP00320
DICKINSON COLLEGE,URAP00321
DICLE UNIVERSITY,URAP00322
DOGUS UNIVERSITY,URAP00323
DOKKYO MEDICAL UNIVERSITY,URAP00324
DOKKYO UNIVERSITY,URAP00325
DOKUZ EYLUL UNIVERSITY,URAP00326
DONETSK NATIONAL UNIVERSITY,URAP00327
DONG EUI UNIVERSITY,URAP00328
DONG-A UNIVERSITY,URAP00329
DONGGUK UNIVERSITY,URAP00330
DONGHUA UNIVERSITY,URAP00331
DOSHISHA UNIVERSITY,URAP00332
DRAKE UNIVERSITY,URAP00333
DREXEL UNIVERSITY,URAP00334
DUBLIN CITY UNIVERSITY,URAP00335
DUBLIN INSTITUTE OF TECHNOLOGY,URAP00336
DUKE UNIVERSITY,URAP00337
DUMLUPINAR UNIVERSITY,URAP00338
DUQUESNE UNIVERSITY,URAP00339
DURHAM UNIVERSITY,URAP00340
DUZCE UNIVERSITY,URAP00341
EAST CAROLINA UNIVERSITY,URAP00342
EAST CHINA NORMAL UNIVERSITY,URAP00343
EAST CHINA UNIVERSITY OF SCIENCE AND TECHNOLOGY,URAP00344
EAST TENNESSEE STATE UNIVERSITY,URAP00345
EASTERN ILLINOIS UNIVERSITY,URAP00346
EASTERN KENTUCKY UNIVERSITY,URAP00347
EASTERN MEDITERRANEAN UNIVERSITY,URAP00348
EASTERN MICHIGAN UNIVERSITY,URAP00349
EASTERN VIRGINIA MEDICAL SCHOOL,URAP00350
ECOLE CENTRALE DE LYON,URAP00351
ECOLE CENTRALE PARIS,URAP00352
ECOLE DE TECHNOLOGIE SUPERIEURE,URAP00353
ECOLE DES HAUTES ETUDES EN SCIENCES SOCIALES,URAP00354
ECOLE DES MINES DE PARIS,URAP00355
ECOLE NATIONALE DES PONTS ET CHAUSSEES,URAP00356
ECOLE NATIONALE SUPERIEURE DES MINES DE SAINT ETIENNE,URAP00357
ECOLE NORMALE SUPERIEURE - LYON,URAP00358
ECOLE NORMALE SUPERIEURE CACHAN,URAP00359
ECOLE NORMALE SUPERIEURE E LYON,URAP00360
ECOLE NORMALE SUPERIEURE PARIS,URAP00361
ECOLE POLYTECHNIQUE (FRANCE),URAP00362
ECOLE POLYTECHNIQUE DE MONTREAL,URAP00363
ECOLE POLYTECHNIQUE FEDERALE DE LAUSANNE,URAP00364
ECOLE SUPERIEURE DELECTRICITE,URAP00365
EDITH COWAN UNIVERSITY,URAP00366
EGE UNIVERSITY,URAP00367
EHIME UNIVERSITY,URAP00368
EINDHOVEN UNIVERSITY OF TECHNOLOGY,URAP00369
ELON UNIVERSITY,URAP00370
EMBRY RIDDLE AERONAUTICAL UNIVERSITY,URAP00371
EMORY UNIVERSITY,URAP00372
EOTVOS LORAND UNIVERSITY (UNIVERSITY OF BUDAPEST),URAP00373
ERASMUS UNIVERSITY,URAP00374
ERCIYES UNIVERSITY,URAP00375
ERZINCAN UNIVERSITY,URAP00376
ESKISEHIR OSMANGAZI UNIVERSITY,URAP00377
ESTONIAN UNIVERSITY OF LIFE SCIENCES,URAP00378
EULJI UNIVERSITY,URAP00379
EUROPEAN UNIVERSITY INSTITUTE,URAP00380
EWHA WOMANS UNIVERSITY,URAP00381
FACULTES UNIVERSITAIRES NOTRE DAME DE LA PAIX,URAP00382
FAIRFIELD UNIVERSITY,URAP00383
FAR EAST UNIVERSITY,URAP00384
FATIH UNIVERSITY,URAP00385
FEDERAL UNIVERSITY OF PELOTAS,URAP00386
FENG CHIA UNIVERSITY,URAP00387
FERDOWSI UNIVERSITY OF MASHHAD,URAP00388
FERNUNIVERSITAT IN HAGEN,URAP00389
FIRAT UNIVERSITY,URAP00390
FLINDERS UNIVERSITY,URAP00391
FLORIDA AGRICULTURE AND MECHANICAL UNIVERSITY,URAP00392
FLORIDA ATLANTIC UNIVERSITY,URAP00393
FLORIDA INSTITUTE OF TECHNOLOGY,URAP00394
FLORIDA INTERNATIONAL UNIVERSITY,URAP00395
FLORIDA STATE UNIVERSITY,URAP00396
FOOYIN UNIVERSITY,URAP00397
FORDHAM UNIVERSITY,URAP00398
FREE UNIVERSITY OF BOZEN BOLZANO,URAP00399
FREE UNIVERSITY OF BRUSSELS VUB,URAP00400
FREIE UNIVERSITAT BERLIN,URAP00401
FU JEN CATHOLIC UNIVERSITY,URAP00402
FUDAN UNIVERSITY (SHANGHAI MEDICAL UNIVERSITY),URAP00403
FUJIAN AGRICULTURE AND FORESTRY UNIVERSITY,URAP00404
FUJIAN MEDICAL UNIVERSITY,URAP00405
FUJIAN NORMAL UNIVERSITY,URAP00406
FUJITA HEALTH UNIVERSITY,URAP00407
FUKUOKA UNIVERSITY,URAP00408
FUKUSHIMA MEDICAL UNIVERSITY,URAP00409
FUKUYAMA UNIVERSITY,URAP00410
FURMAN UNIVERSITY,URAP00411
FUZHOU UNIVERSITY,URAP00412
G B PANT UNIVERSITY OF AGRICULTURE & TECHNOLOGY,URAP00413
GACHON UNIVERSITY,URAP00414
GAKUSHUIN UNIVERSITY,URAP00415
GAUHATI UNIVERSITY,URAP00416
GAZI UNIVERSITY,URAP00417
GAZIANTEP UNIVERSITY,URAP00418
GAZIOSMANPASA UNIVERSITY,URAP00419
GDANSK UNIVERSITY,URAP00420
GDANSK UNIVERSITY OF TECHNOLOGY,URAP00421
GEBZE INSTITUTE OF TECHNOLOGY,URAP00422
GEMBLOUX AGRICULTURAL UNIVERSITY,URAP00423
GEORGE MASON UNIVERSITY,URAP00424
GEORGE WASHINGTON UNIVERSITY,URAP00425
GEORGETOWN UNIVERSITY,URAP00426
GEORGIA INSTITUTE OF TECHNOLOGY,URAP00427
GEORGIA SOUTHERN UNIVERSITY,URAP00428
GEORGIA STATE UNIVERSITY,URAP00429
GHENT UNIVERSITY,URAP00430
GHEORGHE ASACHI TECHNICAL UNIVERSITY,URAP00431
GIFU PHARMACEUTICAL UNIVERSITY,URAP00432
GIFU UNIVERSITY,URAP00433
GLASGOW CALEDONIAN UNIVERSITY,URAP00434
GOLDSMITHS UNIVERSITY OF LONDON,URAP00435
GONZAGA UNIVERSITY,URAP00436
GOTEBORG UNIVERSITY,URAP00437
GRADUATE UNIVERSITY OF CHINESE ACADEMY OF SCIENCES,URAP00438
GRAND VALLEY STATE UNIVERSITY,URAP00439
GRIFFITH UNIVERSITY,URAP00440
GRINNELL COLLEGE,URAP00441
GUANGDONG UNIVERSITY OF TECHNOLOGY,URAP00442
GUANGXI MEDICAL UNIVERSITY,URAP00443
GUANGXI NORMAL UNIVERSITY,URAP00444
GUANGXI UNIVERSITY,URAP00445
GUANGZHOU UNIVERSITY,URAP00446
GUILIN UNIVERSITY OF ELECTRONIC TECHNOLOGY,URAP00447
GUIZHOU UNIVERSITY,URAP00448
GULHANE MILITARY MEDICAL ACADEMY,URAP00449
GUNMA UNIVERSITY,URAP00450
GURU NANAK DEV UNIVERSITY INDIA,URAP00451
GWANGJU INSTITUTE OF SCIENCE AND TECHNOLOGY,URAP00452
GYEONGSANG NATIONAL UNIVERSITY,URAP00453
HACETTEPE UNIVERSITY,URAP00454
HAINAN UNIVERSITY,URAP00455
HALLYM UNIVERSITY,URAP00456
HALMSTAD UNIVERSITY,URAP00457
HAMADAN UNIVERSITY OF MEDICAL SCIENCES,URAP00458
HAMAMATSU UNIVERSITY,URAP00459
HAMPTON UNIVERSITY,URAP00460
HANBAT NATIONAL UNIVERSITY,URAP00461
HANGZHOU DIANZI UNIVERSITY,URAP00462
HANKUK UNIVERSITY OF FOREIGN STUDIES,URAP00463
HANNAM UNIVERSITY,URAP00464
HANOI NATIONAL UNIVERSITY OF EDUCATION,URAP00465
HANOI UNIVERSITY OF SCIENCE AND TECHNOLOGY,URAP00466
HANOI UNIVERSITY OF TECHNOLOGY,URAP00467
HANYANG UNIVERSITY,URAP00468
HARBIN ENGINEERING UNIVERSITY,URAP00469
HARBIN INSTITUTE OF TECHNOLOGY,URAP00470
HARBIN MEDICAL UNIVERSITY,URAP00471
HARBIN NORMAL UNIVERSITY (HNU),URAP00472
HARBIN UNIVERSITY OF SCIENCE AND TECHNOLOGY,URAP00473
HARRAN UNIVERSITY,URAP00474
HARVARD UNIVERSITY,URAP00475
HARVEY MUDD COLLEGE,URAP00476
HASHEMITE UNIVERSITY,URAP00477
HASSELT UNIVERSITY (UNIVERSITY OF LIMBURG),URAP00478
HAVERFORD COLLEGE,URAP00479
HEALTH SCIENCES UNIVERSITY OF HOKKAIDO,URAP00480
HEBEI MEDICAL UNIVERSITY,URAP00481
HEBEI NORMAL UNIVERSITY,URAP00482
HEBEI UNIVERSITY,URAP00483
HEBEI UNIVERSITY OF ENGINEERING,URAP00484
HEBEI UNIVERSITY OF SCIENCE AND TECHNOLOGY,URAP00485
HEBEI UNIVERSITY OF TECHNOLOGY,URAP00486
HEBREW UNIVERSITY OF JERUSALEM,URAP00487
HEC MONTREAL ECOLE DE GESTION,URAP00488
HEFEI UNIVERSITY OF TECHNOLOGY,URAP00489
HEILONGJIANG UNIVERSITY,URAP00490
HELMUT SCHMIDT UNIVERSITAT,URAP00491
HELSINKI UNIVERSITY OF TECHNOLOGY,URAP00492
HELWAN UNIVERSITY,URAP00493
HENAN NORMAL UNIVERSITY,URAP00494
HENAN POLYTECHNIC UNIVERSITY,URAP00495
HENAN UNIVERSITY,URAP00496
HENAN UNIVERSITY OF SCIENCE AND TECHNOLOGY,URAP00497
HENRI POINCARE UNIVERSITY (NANCY 1),URAP00498
HERIOT-WATT UNIVERSITY,URAP00499
HERIOTEWATT UNIVERSITY,URAP00500
HIROSAKI UNIVERSITY,URAP00501
HIROSHIMA UNIVERSITY,URAP00502
HITOTSUBASHI UNIVERSITY,URAP00503
HOBART AND WILLIAM SMITH COLLEGES,URAP00504
HOFSTRA UNIVERSITY,URAP00505
HOGSKOLAN SKOVDE,URAP00506
HOHAI UNIVERSITY,URAP00507
HOKKAIDO UNIVERSITY,URAP00508
HOKURIKU UNIVERSITY,URAP00509
HONG KONG BAPTIST UNIVERSITY,URAP00510
HONG KONG INSTITUTE OF EDUCATION,URAP00511
HONG KONG POLYTECHNIC UNIVERSITY,URAP00512
HONG KONG UNIVERSITY OF SCIENCE & TECHNOLOGY,URAP00513
HONGIK UNIVERSITY,URAP00514
HOPE COLLEGE,URAP00515
HOPITAUX UNIVERSITAIRES DE GENEVE,URAP00516
HOSEI UNIVERSITY,URAP00517
HOSEO UNIVERSITY,URAP00518
HOSHI UNIVERSITY,URAP00519
HOWARD UNIVERSITY,URAP00520
HUAFAN UNIVERSITY,URAP00521
HUAQIAO UNIVERSITY,URAP00522
HUAZHONG AGRICULTURAL UNIVERSITY,URAP00523
HUAZHONG UNIVERSITY OF SCIENCE AND TECHNOLOGY,URAP00524
HUBEI UNIVERSITY,URAP00525
HUMBOLDT STATE UNIVERSITY,URAP00526
HUMBOLDT UNIVERSITAT ZU BERLIN,URAP00527
HUNAN AGRICULTURAL UNIVERSITY,URAP00528
HUNAN NORMAL UNIVERSITY,URAP00529
HUNAN UNIVERSITY,URAP00530
HUNAN UNIVERSITY OF SCIENCE AND TECHNOLOGY,URAP00531
HUNAN UNIVERSITY OF TECHNOLOGY,URAP00532
HUNG KUANG UNIVERSITY TAIWAN,URAP00533
HUNTER COLLEGE,URAP00534
HYOGO COLLEGE OF MEDICINE,URAP00535
I-SHOU UNIVERSITY,URAP00536
IBARAKI UNIVERSITY,URAP00537
IDAHO STATE UNIVERSITY,URAP00538
IESHOU UNIVERSITY,URAP00539
IHSAN DOGRAMACI BILKENT UNIVERSITY,URAP00540
ILLINOIS INSTITUTE OF TECHNOLOGY,URAP00541
ILLINOIS STATE UNIVERSITY,URAP00542
IMPERIAL COLLEGE,URAP00543
INDIAN INSTITUTE OF TECHNOLOGY BOMBAY,URAP00544
INDIAN INSTITUTE OF TECHNOLOGY DELHI (IITD),URAP00545
INDIAN INSTITUTE OF TECHNOLOGY GUWAHATI (IITG),URAP00546
INDIAN INSTITUTE OF TECHNOLOGY KANPUR (IITK),URAP00547
INDIAN INSTITUTE OF TECHNOLOGY KHARAGPUR,URAP00548
INDIAN INSTITUTE OF TECHNOLOGY MADRAS (IITM),URAP00549
INDIAN INSTITUTE OF TECHNOLOGY ROORKEE (IITR),URAP00550
INDIANA STATE UNIVERSITY,URAP00551
INDIANA UNIVERSITY ? PURDUE UNIVERSITY FORT WAYNE,URAP00552
INDIANA UNIVERSITY,URAP00553
INDIANA UNIVERSITY OF PENNSYLVANIA,URAP00554
INDIANA UNIVERSITY SOUTH BEND,URAP00555
INDIANA UNIVERSITY/PURDUE UNIVERSITY FORT WAYNE,URAP00556
INDIANA UNIVERSITY/PURDUE UNIVERSITY INDIANAPOLIS,URAP00557
INDUSTRIAL PHYSICS AND CHEMISTRY HIGHER EDUCATIONAL INSTITUTION - PARIS,URAP00558
INDUSTRIAL PHYSICS AND CHEMISTRY HIGHER EDUCATIONAL INSTITUTION E PARIS,URAP00559
INDUSTRIAL UNIVERSITY OF SANTANDER,URAP00560
INFORMATION AND COMMUNICATIONS UNIVERSITY,URAP00561
INHA UNIVERSITY,URAP00562
INJE UNIVERSITY,URAP00563
INNER MONGOLIA AGRICULTURAL UNIVERSITY,URAP00564
INNER MONGOLIA UNIVERSITY,URAP00565
INNER MONGOLIA UNIVERSITY OF TECHNOLOGY (IMUT),URAP00566
INONU UNIVERSITY,URAP00567
INSEAD BUSINESS SCHOOL,URAP00568
INSTITUT NATIONAL DES SCIENCES APPLIQUEES DE LYON,URAP00569
INSTITUT NATIONAL DES SCIENCES APPLIQUEES DE TOULOUSE,URAP00570
INSTITUTE OF CHEMICAL TECHNOLOGY PRAGUE,URAP00571
INSTITUTO POLITCNICO DE BRAGANA,URAP00572
INSTITUTO POLITECNICO NACIONAL,URAP00573
INSTITUTO SUPERIOR DAS CIENCIAS DO TRABALHO E DA EMPRESA,URAP00574
INSTITUTO SUPERIOR TECNICO,URAP00575
INTERNATIONAL CHRISTIAN UNIVERSITY,URAP00576
INTERNATIONAL ISLAMIC UNIVERSITY OF MALAYSIA,URAP00577
INTERNATIONAL SCHOOL FOR ADVANCED STUDIES,URAP00578
IOWA STATE UNIVERSITY,URAP00579
IRAN UNIVERSITY OF SCIENCE AND TECHNOLOGY,URAP00580
IRKUTSKIJ GOSUDARSTVENNYJ UNIVERSITET,URAP00581
ISFAHAN UNIVERSITY OF MEDICAL SCIENCES,URAP00582
ISFAHAN UNIVERSITY OF TECHNOLOGY,URAP00583
ISTANBUL BILIM UNIVERSITY,URAP00584
ISTANBUL TECHNICAL UNIVERSITY,URAP00585
ISTANBUL UNIVERSITY,URAP00586
ITHACA COLLEGE,URAP00587
IVAN FRANKO NATIONAL UNIVERSITY OF LVIV,URAP00588
IVANE JAVAKHISHVILI TBILISI STATE UNIVERSITY,URAP00589
IWATE MEDICAL UNIVERSITY,URAP00590
IWATE UNIVERSITY,URAP00591
IZMIR INSTITUTE OF TECHNOLOGY,URAP00592
IZMIR UNIVERSITY OF ECONOMICS,URAP00593
J.E. PURKYNE UNIV.,URAP00594
JACKSON STATE UNIVERSITY,URAP00595
JACOBS UNIVERSITY BREMEN,URAP00596
JADAVPUR UNIVERSITY,URAP00597
JAGIELLONIAN UNIVERSITY,URAP00598
JAHANGIRNAGAR UNIVERSITY,URAP00599
JAI NARAIN VYAS UNIVERSITY JODHPUR,URAP00600
JAMES COOK UNIVERSITY NORTH QUEENSLAND,URAP00601
JAMES MADISON UNIVERSITY,URAP00602
JAMIA HAMDARD,URAP00603
JAPAN ADVANCED INSTITUTE OF SCIENCE & TECHNOLOGY,URAP00604
JAWAHARLAL NEHRU TECHNOLOGICAL UNIVERSITY,URAP00605
JAWAHARLAL NEHRU UNIVERSITY,URAP00606
JIANGNAN UNIVERSITY,URAP00607
JIANGSU UNIVERSITY,URAP00608
JIANGXI NORMAL UNIVERSITY,URAP00609
JIAXING UNIVERSITY,URAP00610
JICHI MEDICAL UNIVERSITY,URAP00611
JIKEI UNIVERSITY,URAP00612
JILIN UNIVERSITY,URAP00613
JIMEI UNIVERSITY,URAP00614
JIMMA UNIVERSITY,URAP00615
JINAN UNIVERSITY,URAP00616
JOENSUUN YLIOPISTO,URAP00617
JOHANNES GUTENBERG UNIVERSITAT MAINZ,URAP00618
JOHANNES KEPLER UNIVERSITY LINZ,URAP00619
JOHNS HOPKINS UNIVERSITY,URAP00620
JONKOPING UNIVERSITY,URAP00621
JORDAN UNIVERSITY OF SCIENCE AND TECHNOLOGY,URAP00622
JOSAI UNIVERSITY,URAP00623
JOSIP JURAJ STROSSMAYER UNIVERSITY OF OSIJEK,URAP00624
JUNTENDO UNIVERSITY,URAP00625
JUSTUS LIEBIG UNIVERSITAT GIESSEN,URAP00626
JYVASKYLA UNIVERSITY,URAP00627
K.N. TOOSI UNIVERSITY OF TECHNOLOGY,URAP00628
KAFKAS UNIVERSITY,URAP00629
KAGAWA UNIVERSITY,URAP00630
KAGOSHIMA UNIVERSITY,URAP00631
KAHRAMANMARAS SUTCU IMAM UNIVERSITY,URAP00632
KANAGAWA UNIVERSITY,URAP00633
KANAZAWA INSTITUTE OF TECHNOLOGY,URAP00634
KANAZAWA MEDICAL UNIVERSITY,URAP00635
KANAZAWA UNIVERSITY,URAP00636
KANGWON NATIONAL UNIVERSITY,URAP00637
KANSAI MEDICAL UNIVERSITY,URAP00638
KANSAI UNIVERSITY,URAP00639
KANSAS STATE UNIVERSITY,URAP00640
KAOHSIUNG MEDICAL UNIVERSITY,URAP00641
KARABUK UNIVERSITY,URAP00642
KARADENIZ TECHNICAL UNIVERSITY,URAP00643
KARNATAK UNIVERSITY,URAP00644
KAROLINSKA INSTITUTE,URAP00645
KASETSART UNIVERSITY,URAP00646
KAUNAS UNIVERSITY OF MEDICINE,URAP00647
KAUNAS UNIVERSITY OF TECHNOLOGY,URAP00648
KAWASAKI MEDICAL COLLEGE,URAP00649
KAZAN STATE TECHNICAL UNIVERSITY,URAP00650
KEELE UNIVERSITY,URAP00651
KEIMYUNG UNIVERSITY,URAP00652
KEIO UNIVERSITY,URAP00653
KENNESAW STATE UNIVERSITY,URAP00654
KENT STATE UNIVERSITY,URAP00655
KERMANSHAH UNIVERSITY OF MEDICAL SCIENCES,URAP00656
KHARKIV NATIONAL UNIVERSITY,URAP00657
KHARTOUM UNIVERSITY,URAP00658
KHON KAEN UNIVERSITY,URAP00659
KING ABDULAZIZ UNIVERSITY,URAP00660
KING FAHD UNIVERSITY OF PETROLEUM & MINERALS,URAP00661
KING FAISAL UNIVERSITY,URAP00662
KING KHALID UNIVERSITY,URAP00663
KING MONGKUTS INSTITUTE OF TECHNOLOGY LADKRABANG,URAP00664
KING MONGKUT´S UNIVERSITY OF TECHNOLOGY THONBURI,URAP00665
KING SAUD UNIVERSITY,URAP00666
KINGS COLLEGE LONDON,URAP00667
KINGSTON UNIVERSITY LONDON,URAP00668
KINKI UNIVERSITY,URAP00669
KIRIKKALE UNIVERSITY,URAP00670
KITASATO UNIVERSITY,URAP00671
KLAIPEDA UNIVERSITY,URAP00672
KOBE GAKUIN UNIVERSITY,URAP00673
KOBE PHARMACEUTICAL UNIVERSITY,URAP00674
KOBE UNIVERSITY,URAP00675
KOC UNIVERSITY,URAP00676
KOCAELI UNIVERSITY,URAP00677
KOCHI MEDICAL SCHOOL,URAP00678
KOCHI UNIVERSITY,URAP00679
KOGAKUIN UNIVERSITY,URAP00680
KONAN UNIVERSITY,URAP00681
KONKUK UNIVERSITY,URAP00682
KOOKMIN UNIVERSITY,URAP00683
KOREA UNIVERSITY,URAP00684
KRISTIANSTAD UNIVERSITY,URAP00685
KUMAMOTO UNIVERSITY,URAP00686
KUN SHAN UNIVERSITY,URAP00687
KUNMING UNIVERSITY OF SCIENCE AND TECHNOLOGY,URAP00688
KUNSAN NATIONAL UNIVERSITY,URAP00689
KURUKSHETRA UNIVERSITY,URAP00690
KURUME UNIVERSITY,URAP00691
KUVEMPU UNIVERSITY,URAP00692
KWAME NKRUMAH UNIVERSITY OF SCIENCE AND TECHNOLOGY,URAP00693
KWANGWOON UNIVERSITY,URAP00694
KWANSEI GAKUIN UNIVERSITY,URAP00695
KYONGGI UNIVERSITY,URAP00696
KYORIN UNIVERSITY,URAP00697
KYOTO INSTITUTE OF TECHNOLOGY,URAP00698
KYOTO PHARMACEUTICAL UNIVERSITY,URAP00699
KYOTO PREFECTURAL UNIVERSITY,URAP00700
KYOTO PREFECTURAL UNIVERSITY OF MEDICINE,URAP00701
KYOTO SANGYO UNIVERSITY,URAP00702
KYOTO UNIVERSITY,URAP00703
KYUNG HEE UNIVERSITY,URAP00704
KYUNGPOOK NATIONAL UNIVERSITY,URAP00705
KYUSHU INSTITUTE OF TECHNOLOGY,URAP00706
KYUSHU UNIVERSITY,URAP00707
LA FUNDACION UNIVERSITARIA SAN PABLO CEU,URAP00708
LA TROBE UNIVERSITY,URAP00709
LAFAYETTE COLLEGE,URAP00710
LAKEHEAD UNIVERSITY,URAP00711
LAMAR UNIVERSITY,URAP00712
LANCASTER UNIVERSITY,URAP00713
LANZHOU JIAOTONG UNIVERSITY,URAP00714
LANZHOU UNIVERSITY,URAP00715
LANZHOU UNIVERSITY OF TECHNOLOGY,URAP00716
LAPPEENRANTA UNIVERSITY OF TECHNOLOGY,URAP00717
LEEDS METROPOLITAN UNIVERSITY,URAP00718
LEHIGH UNIVERSITY,URAP00719
LEHMAN COLLEGE,URAP00720
LEIDEN UNIVERSITY,URAP00721
LEWIS & CLARK COLLEGE,URAP00722
LIAOCHENG UNIVERSITY,URAP00723
LIAONING NORMAL UNIVERSITY,URAP00724
LIAONING UNIVERSITY,URAP00725
LINCOLN UNIVERSITY CANTERBURY,URAP00726
LINGNAN UNIVERSITY,URAP00727
LINKOPING UNIVERSITY,URAP00728
LITHUANIAN UNIVERSITY OF HEALTH SCIENCES,URAP00729
LIVERPOOL JOHN MOORES UNIVERSITY,URAP00730
LOMA LINDA UNIVERSITY,URAP00731
LOMONOSOV MOSCOW STATE UNIVERSITY,URAP00732
LONDON BUSINESS SCHOOL,URAP00733
LONDON METROPOLITAN UNIVERSITY,URAP00734
LONDON SCHOOL OF ECONOMICS AND POLITICAL SCIENCE,URAP00735
LONDON SOUTH BANK UNIVERSITY,URAP00736
LONG ISLAND UNIVERSITY,URAP00737
LOUGHBOROUGH UNIVERSITY,URAP00738
LOUIS PASTEUR UNIVERSITY (STRASBOURG 1),URAP00739
LOUISIANA STATE UNIVERSITY,URAP00740
LOUISIANA STATE UNIVERSITY IN SHREVEPORT,URAP00741
LOUISIANA TECH UNIVERSITY,URAP00742
LOYOLA COLLEGE,URAP00743
LOYOLA MARYMOUNT UNIVERSITY,URAP00744
LOYOLA UNIVERSITY CHICAGO,URAP00745
LOYOLA UNIVERSITY NEW ORLEANS,URAP00746
LUDONG UNIVERSITY,URAP00747
LUDWIG MAXIMILIANS UNIVERSITAT MUNCHEN,URAP00748
LULEA UNIVERSITY OF TECHNOLOGY,URAP00749
LUND UNIVERSITY,URAP00750
LUNGHWA UNIVERSITY OF SCIENCE AND TECHNOLOGY,URAP00751
LUOYANG NORMAL UNIVERSITY,URAP00752
LVIV POLYTECHNIC NATIONAL UNIVERSITY,URAP00753
MACALESTER COLLEGE,URAP00754
MACQUARIE UNIVERSITY,URAP00755
MADURAI KAMARAJ UNIVERSITY,URAP00756
MAE FAH LUANG UNIVERSITY,URAP00757
MAHARSHI DAYANAND UNIVERSITY,URAP00758
MAHASARAKHAM UNIVERSITY,URAP00759
MAHIDOL UNIVERSITY,URAP00760
MAKERERE UNIVERSITY,URAP00761
MALARDALEN UNIVERSITY,URAP00762
MALMO UNIVERSITY,URAP00763
MALTEPE UNIVERSITY,URAP00764
MANCHESTER METROPOLITAN UNIVERSITY,URAP00765
MANGALORE UNIVERSITY INDIA,URAP00766
MANIPAL UNIVERSITY,URAP00767
MANSOURA UNIVERSITY,URAP00768
MARIA CURIE SKLODOWSKA UNIVERSITY,URAP00769
MARMARA UNIVERSITY,URAP00770
MARQUETTE UNIVERSITY,URAP00771
MARSHALL UNIVERSITY,URAP00772
MARTIN LUTHER UNIVERSITAT HALLE WITTENBERG,URAP00773
MASARYK UNIVERSITY,URAP00774
MASHAD UNIVERSITY OF MEDICAL SCIENCES,URAP00775
MASSACHUSETTS INSTITUTE OF TECHNOLOGY,URAP00776
MASSEY UNIVERSITY,URAP00777
MBARARA UNIVERSITY OF SCIENCE AND TECHNOLOGY,URAP00778
MCGILL UNIVERSITY,URAP00779
MCMASTER UNIVERSITY,URAP00780
MEDICAL COLLEGE OF GEORGIA,URAP00781
MEDICAL COLLEGE OF WISCONSIN,URAP00782
MEDICAL UNIVERSITY OF GRAZ,URAP00783
MEDICAL UNIVERSITY OF INNSBRUCK,URAP00784
MEDICAL UNIVERSITY OF LUBLIN,URAP00785
MEDICAL UNIVERSITY OF SOFIA,URAP00786
MEDICAL UNIVERSITY OF SOUTH CAROLINA,URAP00787
MEDICAL UNIVERSITY OF VIENNA,URAP00788
MEDICAL UNIVERSITY OF WARSAW,URAP00789
MEDICAL UNIVERSITY OF WROCLAW,URAP00790
MEHARRY MEDICAL COLLEGE,URAP00791
MEHMET AKIF ERSOY UNIVERSITY,URAP00792
MEIJI PHARMACEUTICAL UNIVERSITY,URAP00793
MEIJI UNIVERSITY,URAP00794
MEIJO UNIVERSITY,URAP00795
MEMORIAL UNIVERSITY OF NEWFOUNDLAND,URAP00796
MENDEL UNIVERSITY OF AGRICULTURE AND FORESTRY BRNO,URAP00797
MENDELOVA UNIVERZITA V BRNE,URAP00798
MERCER UNIVERSITY,URAP00799
MERSIN UNIVERSITY,URAP00800
MIAMI UNIVERSITY OF OHIO,URAP00801
MICHIGAN STATE UNIVERSITY,URAP00802
MICHIGAN TECHNOLOGICAL UNIVERSITY,URAP00803
MID SWEDEN UNIVERSITY,URAP00804
MIDDLE EAST TECHNICAL UNIVERSITY,URAP00805
MIDDLE TENNESSEE STATE UNIVERSITY,URAP00806
MIDDLEBURY COLLEGE,URAP00807
MIDDLESEX UNIVERSITY,URAP00808
MIE UNIVERSITY,URAP00809
MING CHUAN UNIVERSITY,URAP00810
MING HSIN UNIVERSITY OF SCIENCE AND TECHNOLOGY,URAP00811
MINIA UNIVERSITY,URAP00812
MINNESOTA STATE UNIVERSITY MANKATO,URAP00813
MINUFIYA UNIVERSITY,URAP00814
MISSISSIPPI STATE UNIVERSITY,URAP00815
MISSOURI STATE UNIVERSITY,URAP00816
MISSOURI UNIVERSITY OF SCIENCE AND TECHNOLOGY,URAP00817
MITTUNIVERSITETET,URAP00818
MIYAZAKI UNIVERSITY,URAP00819
MOHAMMED V UNIVERSITY,URAP00820
MOHAMMED V UNIVERSITY-AGDAL,URAP00821
MONASH UNIVERSITY,URAP00822
MONTANA STATE UNIVERSITY,URAP00823
MONTANUNIVERSITAT LEOBEN,URAP00824
MONTCLAIR STATE UNIVERSITY,URAP00825
MOREHOUSE SCHOOL OF MEDICINE,URAP00826
MOSCOW INSTITUTE OF PHYSICS AND TECHNOLOGY,URAP00827
MOSCOW STATE PEDAGOGICAL UNIVERSITY,URAP00828
MOUNT ALLISON UNIVERSITY,URAP00829
MOUNT HOLYOKE COLLEGE,URAP00830
MUGLA SITKI KOCMAN UNIVERSITY,URAP00831
MUGLA UNIVERSITY,URAP00832
MUHIMBILI UNIVERSITY OF HEALTH AND ALLIED SCIENCES,URAP00833
MUKOGAWA WOMENS UNIVERSITY,URAP00834
MULTIMEDIA UNIVERSITY,URAP00835
MURDOCH UNIVERSITY,URAP00836
MURORAN INSTITUTE OF TECHNOLOGY,URAP00837
MURRAY STATE UNIVERSITY,URAP00838
MUSTAFA KEMAL UNIVERSITY,URAP00839
MUTAH UNIVERSITY,URAP00840
MYONGJI UNIVERSITY,URAP00841
NAGAOKA UNIVERSITY OF TECHNOLOGY,URAP00842
NAGASAKI UNIVERSITY,URAP00843
NAGOYA CITY UNIVERSITY,URAP00844
NAGOYA INSTITUTE OF TECHNOLOGY,URAP00845
NAGOYA UNIVERSITY,URAP00846
NAMIK KEMAL UNIVERSITY,URAP00847
NANCHANG UNIVERSITY,URAP00848
NANJING AGRICULTURAL UNIVERSITY,URAP00849
NANJING FORESTRY UNIVERSITY,URAP00850
NANJING MEDICAL UNIVERSITY,URAP00851
NANJING NORMAL UNIVERSITY,URAP00852
NANJING UNIVERSITY,URAP00853
NANJING UNIVERSITY OF AERONAUTICS AND ASTRONAUTICS,URAP00854
NANJING UNIVERSITY OF INFORMATION SCIENCE AND TECHNOLOGY,URAP00855
NANJING UNIVERSITY OF POST AND TELECOMMUNICATIONS,URAP00856
NANJING UNIVERSITY OF SCIENCE AND TECHNOLOGY,URAP00857
NANJING UNIVERSITY OF TECHNOLOGY,URAP00858
NANKAI UNIVERSITY,URAP00859
NANTONG UNIVERSITY,URAP00860
NANYANG TECHNOLOGICAL UNIVERSITY,URAP00861
NAPIER UNIVERSITY,URAP00862
NARA INSTITUTE OF SCIENCE AND TECHNOLOGY,URAP00863
NARA MEDICAL UNIVERSITY,URAP00864
NARA WOMENS UNIVERSITY,URAP00865
NARESUAN UNIVERSITY,URAP00866
NATIONAL AND KAPODISTRIAN UNIVERSITY OF ATHENS,URAP00867
NATIONAL CENTRAL UNIVERSITY,URAP00868
NATIONAL CHANGHUA UNIVERSITY OF EDUCATION,URAP00869
NATIONAL CHENG KUNG UNIVERSITY,URAP00870
NATIONAL CHENGCHI UNIVERSITY,URAP00871
NATIONAL CHI NAN UNIVERSITY,URAP00872
NATIONAL CHIAO TUNG UNIVERSITY,URAP00873
NATIONAL CHIAYI UNIVERSITY,URAP00874
NATIONAL CHIN-YI UNIVERSITY OF TECHNOLOGY,URAP00875
NATIONAL CHUNG CHENG UNIVERSITY,URAP00876
NATIONAL CHUNG HSING UNIVERSITY,URAP00877
NATIONAL DEFENSE MEDICAL COLLEGE TOKOROZAWA,URAP00878
NATIONAL DONG HWA UNIVERSITY,URAP00879
NATIONAL FORMOSA UNIVERSITY TAIWAN,URAP00880
NATIONAL HSINCHU UNIVERSITY OF EDUCATION,URAP00881
NATIONAL ILAN UNIVERSITY,URAP00882
NATIONAL KAOHSIUNG FIRST UNIVERSITY OF SCIENCE & TECHNOLOGY,URAP00883
NATIONAL KAOHSIUNG MARINE UNIVERSITY,URAP00884
NATIONAL KAOHSIUNG NORMAL UNIVERSITY,URAP00885
NATIONAL KAOHSIUNG UNIVERSITY OF APPLIED SCIENCES,URAP00886
NATIONAL PINGTUNG UNIVERSITY OF SCIENCE AND TECHNOLOGY,URAP00887
NATIONAL SUN YAT-SEN UNIVERSITY,URAP00888
NATIONAL SUN YATESEN UNIVERSITY,URAP00889
NATIONAL TAIPEI UNIVERSITY,URAP00890
NATIONAL TAIPEI UNIVERSITY OF TECHNOLOGY,URAP00891
NATIONAL TAITUNG UNIVERSITY TAIWAN,URAP00892
NATIONAL TAIWAN NORMAL UNIVERSITY,URAP00893
NATIONAL TAIWAN OCEAN UNIVERSITY,URAP00894
NATIONAL TAIWAN UNIVERSITY,URAP00895
NATIONAL TAIWAN UNIVERSITY OF SCIENCE & TECHNOLOGY,URAP00896
NATIONAL TARAS SHEVCHENKO UNIVERSITY OF KYIV,URAP00897
NATIONAL TECHNICAL UNIVERSITY OF ATHENS,URAP00898
NATIONAL TECHNICAL UNIVERSITY OF UKRAINE,URAP00899
NATIONAL TSING HUA UNIVERSITY TAIWAN,URAP00900
NATIONAL UNITED UNIVERSITY TAIWAN,URAP00901
NATIONAL UNIVERSITY COSTA RICA,URAP00902
NATIONAL UNIVERSITY OF IRELAND GALWAY,URAP00903
NATIONAL UNIVERSITY OF IRELAND MAYNOOTH,URAP00904
NATIONAL UNIVERSITY OF KAOHSIUNG,URAP00905
NATIONAL UNIVERSITY OF SCIENCES AND TECHNOLOGY (NUST),URAP00906
NATIONAL UNIVERSITY OF SCIENCES AND TECHNOLOGY (NUST) ISLAMABAD PAKISTAN,URAP00907
NATIONAL UNIVERSITY OF SINGAPORE,URAP00908
NATIONAL UNIVERSITY OF TAINAN TAIWAN,URAP00909
NATIONAL YANG MING UNIVERSITY,URAP00910
NATIONAL YUNLIN UNIVERSITY OF SCIENCE & TECHNOLOGY,URAP00911
NAVAL UNIVERSITY OF ENGINEERING,URAP00912
NELSON MANDELA METROPOLITAN UNIVERSITY,URAP00913
NEW JERSEY INSTITUTE OF TECHNOLOGY,URAP00914
NEW MEXICO INSTITUTE OF MINING & TECHNOLOGY,URAP00915
NEW MEXICO STATE UNIVERSITY,URAP00916
NEW YORK MEDICAL COLLEGE,URAP00917
NEW YORK UNIVERSITY,URAP00918
NICOLAUS COPERNICUS UNIVERSITY,URAP00919
NIGDE UNIVERSITY,URAP00920
NIHON UNIVERSITY,URAP00921
NIIGATA UNIVERSITY,URAP00922
NINGBO UNIVERSITY,URAP00923
NIPPON DENTAL UNIVERSITY,URAP00924
NIPPON MEDICAL SCHOOL,URAP00925
NIZEGORODSKIJ GOSUDARSTVENNYJ UNIVERSITET,URAP00926
NORTH CAROLINA AGRICULTURAL & TECHNICAL STATE UNIVERSITY,URAP00927
NORTH CAROLINA STATE UNIVERSITY,URAP00928
NORTH CHINA ELECTRIC POWER UNIVERSITY,URAP00929
NORTH CHINA UNIVERSITY OF TECHNOLOGY,URAP00930
NORTH CHINA UNIVERSITY OF WATER CONSERVANCY AND ELECTRIC POWER,URAP00931
NORTH DAKOTA STATE UNIVERSITY,URAP00932
NORTH UNIVERSITY OF CHINA,URAP00933
NORTH-EASTERN HILL UNIVERSITY INDIA,URAP00934
NORTH-WEST UNIVERSITY,URAP00935
NORTHEAST FORESTRY UNIVERSITY,URAP00936
NORTHEAST NORMAL UNIVERSITY,URAP00937
NORTHEASTERN UNIVERSITY,URAP00938
NORTHEASTERN UNIVERSITY CHINA,URAP00939
NORTHEEASTERN HILL UNIVERSITY INDIA,URAP00940
NORTHERN ARIZONA UNIVERSITY,URAP00941
NORTHERN ILLINOIS UNIVERSITY,URAP00942
NORTHERN KENTUCKY UNIVERSITY,URAP00943
NORTHUMBRIA UNIVERSITY,URAP00944
NORTHWEST A&F UNIVERSITY,URAP00945
NORTHWEST NORMAL UNIVERSITY,URAP00946
NORTHWESTERN POLYTECHNICAL UNIVERSITY,URAP00947
NORTHWESTERN UNIVERSITY,URAP00948
NORWEGIAN SCHOOL OF VETERINARY SCIENCE,URAP00949
NORWEGIAN UNIVERSITY OF LIFE SCIENCES,URAP00950
NORWEGIAN UNIVERSITY OF SCIENCE & TECHNOLOGY,URAP00951
NORWICH UNIVERSITY,URAP00952
NOTTINGHAM TRENT UNIVERSITY,URAP00953
NOVA SOUTHEASTERN UNIVERSITY,URAP00954
NOVOSIBIRSK STATE UNIVERSITY,URAP00955
OAKLAND UNIVERSITY,URAP00956
OBAFEMI AWOLOWO UNIVERSITY,URAP00957
OBERLIN COLLEGE,URAP00958
OBIHIRO UNIVERSITY OF AGRICULTURE AND VETERINARY MEDICINE,URAP00959
OCCIDENTAL COLLEGE,URAP00960
OCEAN UNIVERSITY OF CHINA,URAP00961
OCHANOMIZU UNIVERSITY,URAP00962
ODESSA STATE UNIVERSITY,URAP00963
OHIO STATE UNIVERSITY,URAP00964
OHIO UNIVERSITY,URAP00965
OITA UNIVERSITY,URAP00966
OKAYAMA UNIVERSITY,URAP00967
OKAYAMA UNIVERSITY OF SCIENCE,URAP00968
OKLAHOMA STATE UNIVERSITY,URAP00969
OLD DOMINION UNIVERSITY,URAP00970
ONDOKUZ MAYIS UNIVERSITY,URAP00971
OPEN UNIVERSITY,URAP00972
OPEN UNIVERSITY OF ISRAEL,URAP00973
OPEN UNIVERSITY OF THE NETHERLANDS,URAP00974
ORDU UNIVERSITY,URAP00975
OREBRO UNIVERSITY,URAP00976
OREGON HEALTH AND SCIENCE UNIVERSITY,URAP00977
OREGON STATE UNIVERSITY,URAP00978
OSAKA CITY UNIVERSITY,URAP00979
OSAKA ELECTRO-COMMUNICATION UNIVERSITY,URAP00980
OSAKA ELECTROECOMMUNICATION UNIVERSITY,URAP00981
OSAKA INDUSTRIAL UNIVERSITY,URAP00982
OSAKA KYOIKU UNIVERSITY,URAP00983
OSAKA MEDICAL COLLEGE,URAP00984
OSAKA PREFECTURE UNIVERSITY,URAP00985
OSAKA UNIVERSITY,URAP00986
OSAKA UNIVERSITY OF PHARMACEUTICAL SCIENCES,URAP00987
OSLO UNIVERSITY COLLEGE,URAP00988
OSMANIA UNIVERSITY,URAP00989
OTTO VON GUERICKE UNIVERSITY OF MAGDEBURG,URAP00990
OXFORD BROOKES UNIVERSITY,URAP00991
OZYEGIN UNIVERSITY,URAP00992
PACE UNIVERSITY,URAP00993
PALACKY UNIVERSITY,URAP00994
PAMUKKALE UNIVERSITY,URAP00995
PANEPISTIMIO THESALIAS,URAP00996
PANEPISTIMION PIREOS,URAP00997
PANJAB UNIVERSITY,URAP00998
PANNON EGYETEM,URAP00999
PARTHENOPE UNIVERSITY OF NAPLES,URAP01000
PAVOL JOZEF SAFARIK UNIVERSITY,URAP01001
PAYAME NOOR UNIVERSITY,URAP01002
PEKING UNIVERSITY,URAP01003
PENNSYLVANIA STATE UNIVERSITY,URAP01004
PEOPLES FRIENDSHIP UNIVERSITY OF RUSSIA,URAP01005
PEPPERDINE UNIVERSITY,URAP01006
PERIYAR UNIVERSITY,URAP01007
PHILIPPS UNIVERSITAT MARBURG,URAP01008
PLA UNIVERSITY OF SCIENCE AND TECHNOLOGY,URAP01009
PLOVDIV UNIVERSITY,URAP01010
POHANG UNIVERSITY OF SCIENCE AND TECHNOLOGY,URAP01011
POLITECHNIKA CZESTOCHOWSKA,URAP01012
POLITECHNIKA RZESZOWSKA,URAP01013
POLITECHNIKA SZCZECINSKA,URAP01014
POLITECNICO DI MILANO,URAP01015
POLITECNICO DI TORINO,URAP01016
POLYTECHNIC UNIVERSITY OF NEW YORK,URAP01017
POMONA COLLEGE,URAP01018
POMORSKA AKADEMIA MEDYCZNA W SZCZECINIE,URAP01019
PONDICHERRY UNIVERSITY,URAP01020
CATHOLIC UNIVERSITY OF CHILE,URAP01021
PONTIFICIA UNIVERSIDAD CATOLICA DE VALPARAISO,URAP01022
PONTIFICIA UNIVERSIDAD CATOLICA DEL ECUADOR,URAP01023
PONTIFICIA UNIVERSIDAD CATOLICA DEL PERU,URAP01024
PONTIFICIA UNIVERSIDAD JAVERIANA,URAP01025
PONTIFICIA UNIVERSIDADE CATOLICA DO RIO DE JANEIRO,URAP01026
PONTIFICIA UNIVERSIDADE CATOLICA DO RIO GRANDE DO SUL,URAP01027
PORTLAND STATE UNIVERSITY,URAP01028
POZNAN UNIVERSITY OF MEDICAL SCIENCES,URAP01029
POZNAN UNIVERSITY OF TECHNOLOGY,URAP01030
PRAIRIE VIEW A&M UNIVERSITY,URAP01031
PRESIDENCY COLLEGE INDIA,URAP01032
PRINCE OF SONGKLA UNIVERSITY,URAP01033
PRINCETON UNIVERSITY,URAP01034
PROVIDENCE UNIVERSITY,URAP01035
PUKYONG NATIONAL UNIVERSITY,URAP01036
PUNJAB AGRICULTURAL UNIVERSITY INDIA,URAP01037
PUNJABI UNIVERSITY PATIALA,URAP01038
PURDUE UNIVERSITY,URAP01039
PUSAN NATIONAL UNIVERSITY,URAP01040
QASSIM UNIVERSITY,URAP01041
QINGDAO AGRICULTURAL UNIVERSITY,URAP01042
QINGDAO UNIVERSITY,URAP01043
QINGDAO UNIVERSITY OF SCIENCE & TECHNOLOGY,URAP01044
QUAID-I-AZAM UNIVERSITY,URAP01045
QUAIDEIEAZAM UNIVERSITY,URAP01046
QUEEN MARY UNIVERSITY OF LONDON,URAP01047
QUEENS UNIVERSITY BELFAST,URAP01048
QUEENS COLLEGE CITY UNIVERSITY OF NEW YORK,URAP01049
QUEENS UNIVERSITY KINGSTON,URAP01050
QUEENSLAND UNIVERSITY OF TECHNOLOGY,URAP01051
QUFU NORMAL UNIVERSITY,URAP01052
RADBOUD UNIVERSITY NIJMEGEN,URAP01053
RADFORD UNIVERSITY,URAP01054
RAJSHAHI UNIVERSITY,URAP01055
RAZI UNIVERSITY,URAP01056
RECEP TAYYIP ERDOGAN UNIVERSITY,URAP01057
REED COLLEGE,URAP01058
RENMIN UNIVERSITY OF CHINA,URAP01059
RENSSELAER POLYTECHNIC INSTITUTE,URAP01060
REYKJAVIK UNIVERSITY,URAP01061
RHEINISCH WESTFALISCHE TECHNISCHE HOCHSCHULE AACHEN,URAP01062
RHEINISCHE FRIEDRICH WILHELMS UNIVERSITAT BONN,URAP01063
RHODES UNIVERSITY,URAP01064
RICE UNIVERSITY,URAP01065
RIGA TECHNICAL UNIVERSITY,URAP01066
RIKKYO UNIVERSITY,URAP01067
RITSUMEIKAN UNIVERSITY,URAP01068
RIZE UNIVERSITY,URAP01069
RMIT UNIVERSITY,URAP01070
ROBERT GORDON UNIVERSITY,URAP01071
ROCHESTER INSTITUTE OF TECHNOLOGY,URAP01072
ROCKEFELLER UNIVERSITY,URAP01073
ROSKILDE UNIVERSITY,URAP01074
ROSTOV STATE UNIVERSITY,URAP01075
ROSTOVSKIJ GOSUDARSTVENNYJ UNIVERSITET,URAP01076
ROWAN UNIVERSITY,URAP01077
ROYAL COLLEGE OF SURGEONS IN IRELAND,URAP01078
ROYAL HOLLOWAY U. OF LONDON,URAP01079
ROYAL HOLLOWAY UNIVERSITY OF LONDON,URAP01080
ROYAL INSTITUTE OF TECHNOLOGY,URAP01081
ROYAL MILITARY COLLEGE OF CANADA,URAP01082
RUHR UNIVERSITAT BOCHUM,URAP01083
RUPRECHT KARLS UNIVERSITAT HEIDELBERG,URAP01084
RUSH UNIVERSITY,URAP01085
RUTGERS UNIVERSITY,URAP01086
RYERSON UNIVERSITY,URAP01087
RYUKOKU UNIVERSITY,URAP01088
SABANCI UNIVERSITY,URAP01089
SAGA UNIVERSITY,URAP01090
SAINT CLOUD STATE UNIVERSITY,URAP01091
SAINT FRANCIS XAVIER UNIVERSITY,URAP01092
SAINT JOSEPHS UNIVERSITY,URAP01093
SAINT LOUIS UNIVERSITY,URAP01094
SAINT MARYS UNIVERSITY,URAP01095
SAINT OLAF COLLEGE,URAP01096
SAINT PETERSBURG STATE UNIVERSITY,URAP01097
SAITAMA MEDICAL UNIVERSITY,URAP01098
SAITAMA UNIVERSITY,URAP01099
SAKARYA UNIVERSITY,URAP01100
SAM HOUSTON STATE UNIVERSITY,URAP01101
SAMARSKIJ GOSUDARSTVENNYJ UNIVERSITET,URAP01102
SAN DIEGO STATE UNIVERSITY,URAP01103
SAN FRANCISCO STATE UNIVERSITY,URAP01104
SAN JOSE STATE UNIVERSITY,URAP01105
SANAA UNIVERSITY,URAP01106
SANKTEPETERBURGSKIJ GOSUDARSTVENNYJ POLITEHNICESKIJ UNIVERSITET,URAP01107
SANTA CLARA UNIVERSITY,URAP01108
SAPPORO MEDICAL UNIVERSITY,URAP01109
SARATOV STATE UNIVERSITY,URAP01110
SARDAR PATEL UNIVERSITY,URAP01111
SASTRA UNIVERSITY,URAP01112
SAUDER SCHOOL OF BUSINESS,URAP01113
SCOTTISH AGRICULTURAL COLLEGE,URAP01114
SCUOLA NORMALE SUPERIORE - PISA,URAP01115
SCUOLA NORMALE SUPERIORE E PISA,URAP01116
SCUOLA SUPERIORE SANTANNA,URAP01117
SEATTLE UNIVERSITY,URAP01118
SECOND MILITARY MEDICAL UNIVERSITY,URAP01119
SECONDA UNIVERSITA DEGLI STUDI DI NAPOLI,URAP01120
SEIKEI UNIVERSITY,URAP01121
SEJONG UNIVERSITY,URAP01122
SELCUK UNIVERSITY,URAP01123
SEMMELWEIS UNIVERSITY,URAP01124
SEMNAN UNIVERSITY,URAP01125
SEOUL NATIONAL UNIVERSITY,URAP01126
SETON HALL UNIVERSITY,URAP01127
SETSUNAN UNIVERSITY,URAP01128
SHAANXI NORMAL UNIVERSITY,URAP01129
SHAHED UNIVERSITY,URAP01130
SHAHID BEHESHTI MEDICAL UNIVERSITY,URAP01131
SHAHID BEHESHTI UNIVERSITY,URAP01132
SHAHID CHAMRAN UNIVERSITY OF AHVAZ,URAP01133
SHAHREKORD UNIVERISTY,URAP01134
SHAHROOD UNIVERSITY OF TECHNOLOGY,URAP01135
SHANDONG AGRICULTURAL UNIVERSITY,URAP01136
SHANDONG NORMAL UNIVERSITY,URAP01137
SHANDONG UNIVERSITY,URAP01138
SHANDONG UNIVERSITY OF SCIENCE AND TECHNOLOGY,URAP01139
SHANDONG UNIVERSITY OF TECHNOLOGY,URAP01140
SHANGHAI JIAO TONG UNIVERSITY,URAP01141
SHANGHAI MARITIME UNIVERSITY,URAP01142
SHANGHAI NORMAL UNIVERSITY,URAP01143
SHANGHAI UNIVERSITY,URAP01144
SHANGHAI UNIVERSITY OF ELECTRIC POWER,URAP01145
SHANGHAI UNIVERSITY OF ENGINEERING SCIENCE,URAP01146
SHANGHAI UNIVERSITY OF FINANCE & ECONOMICS,URAP01147
SHANGHAI UNIVERSITY OF TRADITIONAL CHINESE MEDICINE,URAP01148
SHANTOU UNIVERSITY,URAP01149
SHANXI MEDICAL UNIVERSITY,URAP01150
SHANXI NORMAL UNIVERSITY,URAP01151
SHANXI UNIVERSITY,URAP01152
SHAOXING UNIVERSITY,URAP01153
SHARIF UNIVERSITY OF TECHNOLOGY,URAP01154
SHEFFIELD HALLAM UNIVERSITY,URAP01155
SHENYANG AGRICULTURAL UNIVERSITY,URAP01156
SHENYANG LIGONG UNIVERSITY,URAP01157
SHENYANG PHARMACEUTICAL UNIVERSITY,URAP01158
SHENYANG UNIVERSITY OF TECHNOLOGY,URAP01159
SHENZHEN UNIVERSITY,URAP01160
SHIBAURA INSTITUTE OF TECHNOLOGY,URAP01161
SHIGA UNIVERSITY OF MEDICAL SCIENCE,URAP01162
SHIHEZI UNIVERSITY,URAP01163
SHIMANE UNIVERSITY,URAP01164
SHINSHU UNIVERSITY,URAP01165
SHIRAZ UNIVERSITY,URAP01166
SHIRAZ UNIVERSITY OF MEDICAL SCIENCES,URAP01167
SHIVAJI UNIVERSITY,URAP01168
SHIZUOKA UNIVERSITY,URAP01169
SHOWA UNIVERSITY,URAP01170
SIBERIAN FEDERAL UNIVERSITY,URAP01171
SICHUAN AGRICULTURAL UNIVERSITY,URAP01172
SICHUAN NORMAL UNIVERSITY,URAP01173
SICHUAN UNIVERSITY,URAP01174
SILESIAN UNIVERSITY,URAP01175
SILESIAN UNIVERSITY OF TECHNOLOGY IN GLIWICE,URAP01176
SILPAKORN UNIVERSITY,URAP01177
SIMMONS COLLEGE,URAP01178
SIMON FRASER UNIVERSITY,URAP01179
SINGAPORE MANAGEMENT UNIVERSITY,URAP01180
SKIDMORE COLLEGE,URAP01181
SLASKI UNIWERSYTET MEDYCZNY W KATOWICACH,URAP01182
SLOVAK UNIVERSITY OF AGRICULTURE IN NITRA,URAP01183
SLOVAK UNIVERSITY OF TECHNOLOGY,URAP01184
SMITH COLLEGE,URAP01185
SOFIA UNIVERSITY SAINT KLIMENT OHRIDSKI,URAP01186
SOGANG UNIVERSITY,URAP01187
SOHAG UNIVERSITY,URAP01188
SOKA UNIVERSITY,URAP01189
SOKOINE UNIVERSITY OF AGRICULTURE,URAP01190
SONOMA STATE UNIVERSITY,URAP01191
SOOCHOW UNIVERSITY CHINA,URAP01192
SOOCHOW UNIVERSITY TAIWAN,URAP01193
SOOKMYUNG WOMENS UNIVERSITY,URAP01194
SOONCHUNHYANG UNIVERSITY,URAP01195
SOONGSIL UNIVERSITY,URAP01196
SOPHIA UNIVERSITY,URAP01197
SOUTH CHINA AGRICULTURAL UNIVERSITY,URAP01198
SOUTH CHINA NORMAL UNIVERSITY,URAP01199
SOUTH CHINA UNIVERSITY OF TECHNOLOGY,URAP01200
SOUTH DAKOTA SCHOOL OF MINES & TECHNOLOGY,URAP01201
SOUTH DAKOTA STATE UNIVERSITY,URAP01202
SOUTH-CENTRAL UNIVERSITY FOR NATIONALITIES,URAP01203
SOUTHEAST UNIVERSITY,URAP01204
SOUTHEAST UNIVERSITY CHINA,URAP01205
SOUTHEASTERN LOUISIANA UNIVERSITY,URAP01206
SOUTHECENTRAL UNIVERSITY FOR NATIONALITIES,URAP01207
SOUTHERN CROSS UNIVERSITY,URAP01208
SOUTHERN ILLINOIS UNIVERSITY,URAP01209
SOUTHERN ILLINOIS UNIVERSITY CARBONDALE,URAP01210
SOUTHERN ILLINOIS UNIVERSITY EDWARDSVILLE,URAP01211
SOUTHERN MEDICAL UNIVERSITY,URAP01212
SOUTHERN METHODIST UNIVERSITY,URAP01213
SOUTHERN TAIWAN UNIVERSITY OF TECHNOLOGY,URAP01214
SOUTHERN YANGTZE UNIVERSITY,URAP01215
SOUTHWEST CHINA NORMAL UNIVERSITY,URAP01216
SOUTHWEST JIAOTONG UNIVERSITY,URAP01217
SRI VENKATESWARA UNIVERSITY,URAP01218
SRINAKHARINWIROT UNIVERSITY,URAP01219
SRM UNIVERSITY,URAP01220
SS CYRIL AND METHODIUS UNIVERSITY,URAP01221
ST. MARIANNA UNIVERSITY,URAP01222
STAFFORDSHIRE UNIVERSITY,URAP01223
STANFORD UNIVERSITY,URAP01224
STATE UNIVERSITY OF NEW YORK - UPSTATE MEDICAL UNIVERSITY,URAP01225
STATE UNIVERSITY OF NEW YORK BROCKPORT,URAP01226
STATE UNIVERSITY OF NEW YORK E UPSTATE MEDICAL UNIVERSITY,URAP01227
STATE UNIVERSITY OF NEW YORK OSWEGO,URAP01228
STATE UNIVERSITY OF WEST GEORGIA,URAP01229
STELLENBOSCH UNIVERSITY,URAP01230
STEVENS INSTITUTE OF TECHNOLOGY,URAP01231
STOCKHOLM SCHOOL OF ECONOMICS,URAP01232
STOCKHOLM UNIVERSITY,URAP01233
STONY BROOK UNIVERSITY,URAP01234
SUEZ CANAL UNIVERSITY,URAP01235
SUFFOLK UNIVERSITY,URAP01236
SULEYMAN DEMIREL UNIVERSITY,URAP01237
SULTAN QABOOS UNIVERSITY,URAP01238
SUN YAT-SEN UNIVERSITY,URAP01239
SUN YATESEN UNIVERSITY,URAP01240
SUNCHON NATIONAL UNIVERSITY,URAP01241
SUNGKYUNKWAN UNIVERSITY,URAP01242
SURANAREE UNIVERSITY OF TECHNOLOGY,URAP01243
SWANSEA UNIVERSITY,URAP01244
SWARTHMORE COLLEGE,URAP01245
SWEDISH UNIVERSITY OF AGRICULTURAL SCIENCES,URAP01246
SWINBURNE UNIVERSITY OF TECHNOLOGY,URAP01247
SWISS FEDERAL INSTITUTE OF TECHNOLOGY ETH ZURICH,URAP01248
SYRACUSE UNIVERSITY,URAP01249
SZCZECIN UNIVERSITY OF TECHNOLOGY,URAP01250
SZENT ISTVAN UNIVERSITY,URAP01251
TABRIZ UNIVERSITY OF MEDICAL SCIENCES,URAP01252
TAIBAH UNIVERSITY,URAP01253
TAIF UNIVERSITY,URAP01254
TAIPEI MEDICAL UNIVERSITY,URAP01255
TAIYUAN UNIVERSITY OF TECHNOLOGY,URAP01256
TAIZHOU UNIVERSITY,URAP01257
TALLIN TECHNOLOGICAL UNIVERSITY,URAP01258
TALLIN UNIVERSITY,URAP01259
TAMILNADU AGRICULTURAL UNIVERSITY,URAP01260
TAMKANG UNIVERSITY,URAP01261
TAMPERE UNIVERSITY OF TECHNOLOGY,URAP01262
TARTU UNIVERSITY,URAP01263
TATA INSTITUTE OF FUNDAMENTAL RESEARCH,URAP01264
TATUNG UNIVERSITY,URAP01265
TECHNICAL UNIVERSITY OF CLUJ NAPOCA,URAP01266
TECHNICAL UNIVERSITY OF CRETE,URAP01267
TECHNICAL UNIVERSITY OF DENMARK,URAP01268
TECHNICAL UNIVERSITY OF KOSICE,URAP01269
TECHNICAL UNIVERSITY OF LODZ,URAP01270
TECHNICAL UNIVERSITY OSTRAVA,URAP01271
TECHNION ISRAEL INSTITUTE OF TECHNOLOGY,URAP01272
TECHNISCHE UNIVERSITAT BERLIN,URAP01273
TECHNISCHE UNIVERSITAT BRAUNSCHWEIG,URAP01274
TECHNISCHE UNIVERSITAT CHEMNITZ,URAP01275
TECHNISCHE UNIVERSITAT CLAUSTHAL,URAP01276
TECHNISCHE UNIVERSITAT DARMSTADT,URAP01277
TECHNISCHE UNIVERSITAT DORTMUND,URAP01278
TECHNISCHE UNIVERSITAT DRESDEN,URAP01279
TECHNISCHE UNIVERSITAT FREIBERG,URAP01280
TECHNISCHE UNIVERSITAT GRAZ,URAP01281
TECHNISCHE UNIVERSITAT HAMBURG HARBURG,URAP01282
TECHNISCHE UNIVERSITAT ILMENAU,URAP01283
TECHNISCHE UNIVERSITAT KAISERSLAUTERN,URAP01284
TECHNISCHE UNIVERSITAT MUNCHEN,URAP01285
TECHNISCHE UNIVERSITAT WIEN,URAP01286
TECHNOLOGICAL EDUCATION INSTITUTE OF ATHENS,URAP01287
TEHRAN UNIVERSITY OF MEDICAL SCIENCES,URAP01288
TEIKYO UNIVERSITY,URAP01289
TEL AVIV UNIVERSITY,URAP01290
TEMPLE UNIVERSITY,URAP01291
TENNESSEE STATE UNIVERSITY,URAP01292
TENNESSEE TECHNOLOGICAL UNIVERSITY,URAP01293
TEXAS A AND M UNIVERSITY AT GALVESTON,URAP01294
TEXAS A AND M UNIVERSITYEKINGSVILLE,URAP01295
TEXAS A&M UNIVERSITY,URAP01296
TEXAS A&M UNIVERSITY COMMERCE,URAP01297
TEXAS CHRISTIAN UNIVERSITY,URAP01298
TEXAS STATE UNIVERSITY SAN MACROS,URAP01299
TEXAS TECH UNIVERSITY,URAP01300
TEXAS WOMANS UNIVERSITY,URAP01301
TEZPUR UNIVERSITY,URAP01302
THAMMASAT UNIVERSITY,URAP01303
THAPAR UNIVERSITY,URAP01304
THE AGA KHAN UNIVERSITY,URAP01305
THE CATHOLIC UNIVERSITY OF KOREA,URAP01306
THE FEDERAL UNIVERSITY OF AMAZONAS,URAP01307
THE FEDERAL UNIVERSITY OF MARANHAO,URAP01308
THE FOURTH MILITARY MEDICAL UNIVERSITY,URAP01309
THE GRADUATE UNIVERSITY FOR ADVANCED STUDIES,URAP01310
THE ISLAMIA UNIVERSITY OF BAHAWALPUR,URAP01311
THE KOREA NATIONAL UNIVERSITY OF TRANSPORTATION,URAP01312
THE LEBANESE UNIVERSITY,URAP01313
THE MAHARAJA SAYAJIRAO UNIVERSITY OF BARODA,URAP01314
THE OPEN UNIVERSITY OF HONG KONG,URAP01315
THE RICHARD STOCKTON COLLEGE OF NEW JERSEY,URAP01316
THE STATE UNIVERSITY OF SANTA CRUZ (UESC),URAP01317
THIRD MILITARY MEDICAL UNIVERSITY,URAP01318
THOMAS JEFFERSON UNIVERSITY,URAP01319
THOMPSON RIVERS UNIVERSITY,URAP01320
TIANJIN MEDICAL UNIVERSITY,URAP01321
TIANJIN POLYTECHNIC UNIVERSITY,URAP01322
TIANJIN UNIVERSITY,URAP01323
TIANJIN UNIVERSITY OF SCIENCE & TECHNOLOGY,URAP01324
TIANJIN UNIVERSITY OF TECHNOLOGY,URAP01325
TIERARZTLICHE HOCHSCHULE HANNOVER,URAP01326
TOBB UNIVERSITY OF ECONOMICS AND TECHNOLOGY,URAP01327
TOHO UNIVERSITY,URAP01328
TOHOKU GAKUIN UNIVERSITY,URAP01329
TOHOKU PHARMACEUTICAL UNIVERSITY,URAP01330
TOHOKU UNIVERSITY,URAP01331
TOKAI UNIVERSITY,URAP01332
TOKUSHIMA BUNRI UNIVERSITY,URAP01333
TOKYO DENKI UNIVERSITY,URAP01334
TOKYO DENTAL COLLEGE,URAP01335
TOKYO GAKUGEI UNIVERSITY,URAP01336
TOKYO INSTITUTE OF TECHNOLOGY,URAP01337
TOKYO MEDICAL AND DENTAL UNIVERSITY,URAP01338
TOKYO MEDICAL UNIVERSITY,URAP01339
TOKYO METROPOLITAN UNIVERSITY,URAP01340
TOKYO UNIVERSITY OF AGRICULTURE,URAP01341
TOKYO UNIVERSITY OF AGRICULTURE AND TECHNOLOGY,URAP01342
TOKYO UNIVERSITY OF MARINE SCIENCE AND TECHNOLOGY,URAP01343
TOKYO UNIVERSITY OF PHARMACY AND LIFE SCIENCES,URAP01344
TOKYO UNIVERSITY OF SCIENCE,URAP01345
TOKYO UNIVERSITY OF TECHNOLOGY,URAP01346
TOKYO WOMENS MEDICAL UNIVERSITY,URAP01347
TOMSK STATE UNIVERSITY,URAP01348
TOMSKIJ POLITEHNICESKIJ UNIVERSITET,URAP01349
TONGJI UNIVERSITY,URAP01350
TOTTORI UNIVERSITY,URAP01351
TOWSON UNIVERSITY (BALTIMORE HEBREW UNIVERSITY),URAP01352
TOYAMA PREFECTURAL UNIVERSITY,URAP01353
TOYO UNIVERSITY,URAP01354
TOYOHASHI UNIVERSITY OF TECHNOLOGY,URAP01355
TRAKYA UNIVERSITY,URAP01356
TRENT UNIVERSITY,URAP01357
TRIBHUVAN UNIVERSITY,URAP01358
TRINITY COLLEGE HARTFORD,URAP01359
TRINITY UNIVERSITY SAN ANTONIO,URAP01360
TSHWANE UNIVERSITY OF TECHNOLOGY,URAP01361
TSINGHUA UNIVERSITY CHINA,URAP01362
TUFTS UNIVERSITY,URAP01363
TULANE UNIVERSITY,URAP01364
TUNGHAI UNIVERSITY,URAP01365
TUNIS-EL MANAR UNIVERSITY,URAP01366
TUSKEGEE UNIVERSITY,URAP01367
TZU CHI UNIVERSITY,URAP01368
ULSAN UNIVERSITY,URAP01369
ULUDAG UNIVERSITY,URAP01370
UMDNJ ROBERT WOOD JOHNSON MEDICAL SCHOOL,URAP01371
UMEA UNIVERSITY,URAP01372
UMM AL QURA UNIVERSITY,URAP01373
UNIFORMED SERVICES UNIVERSITY OF THE HEALTH SCIENCES,URAP01374
UNION COLLEGE SCHENECTADY NY,URAP01375
UNITED ARAB EMIRATES UNIVERSITY,URAP01376
UNITED STATES MILITARY ACADEMY AT WEST POINT,URAP01377
UNIVERSIDAD ANDRES BELLO,URAP01378
UNIVERSIDAD AUSTRAL DE CHILE,URAP01379
UNIVERSIDAD AUTONOMA DE BAJA CALIFORNIA,URAP01380
UNIVERSIDAD AUTONOMA DE MADRID,URAP01381
UNIVERSIDAD AUTONOMA DE NUEVO LEON,URAP01382
UNIVERSIDAD AUTONOMA DE PUEBLA,URAP01383
UNIVERSIDAD AUTONOMA DE SAN LUIS POTOSI,URAP01384
UNIVERSIDAD AUTONOMA DE TAMAULIPAS,URAP01385
UNIVERSIDAD AUTONOMA DEL ESTADO DE MEXICO,URAP01386
UNIVERSIDAD AUTONOMA METROPOLITANA,URAP01387
UNIVERSIDAD CARLOS III DE MADRID,URAP01388
UNIVERSIDAD CATOLICA DEL NORTE,URAP01389
UNIVERSIDAD CENTRAL DE VENEZUELA,URAP01390
UNIVERSIDAD COMPLUTENSE DE MADRID,URAP01391
UNIVERSIDAD DE ALCALA,URAP01392
UNIVERSIDAD DE ALMERIA,URAP01393
UNIVERSIDAD DE ANTIOQUIA,URAP01394
UNIVERSIDAD DE BUENOS AIRES,URAP01395
UNIVERSIDAD DE CADIZ,URAP01396
UNIVERSIDAD DE CANTABRIA,URAP01397
UNIVERSIDAD DE CARABOBO,URAP01398
UNIVERSIDAD DE CASTILLA LA MANCHA,URAP01399
UNIVERSIDAD DE CHILE,URAP01400
UNIVERSIDAD DE COLIMA,URAP01401
UNIVERSIDAD DE CONCEPCION,URAP01402
UNIVERSIDAD DE COSTA RICA,URAP01403
UNIVERSIDAD DE DEUSTO DEUSTUKO UNIBERTSITATEA,URAP01404
UNIVERSIDAD DE EXTREMADURA,URAP01405
UNIVERSIDAD DE GRANADA,URAP01406
UNIVERSIDAD DE GUADALAJARA,URAP01407
UNIVERSIDAD DE GUANAJUATO,URAP01408
UNIVERSIDAD DE HUELVA,URAP01409
UNIVERSIDAD DE JAEN,URAP01410
UNIVERSIDAD DE LA FRONTERA,URAP01411
UNIVERSIDAD DE LA HABANA,URAP01412
UNIVERSIDAD DE LA LAGUNA,URAP01413
UNIVERSIDAD DE LA REPUBLICA,URAP01414
UNIVERSIDAD DE LA RIOJA,URAP01415
UNIVERSIDAD DE LAS PALMAS DE GRAN CANARIA,URAP01416
UNIVERSIDAD DE LEON,URAP01417
UNIVERSIDAD DE LOS ANDES,URAP01418
UNIVERSIDAD DE LOS ANDES BOGOTA,URAP01419
UNIVERSIDAD DE MALAGA,URAP01420
UNIVERSIDAD DE MURCIA,URAP01421
UNIVERSIDAD DE NAVARRA,URAP01422
UNIVERSIDAD DE ORIENTE,URAP01423
UNIVERSIDAD DE OVIEDO,URAP01424
UNIVERSIDAD DE PUERTO RICO,URAP01425
UNIVERSIDAD DE PUERTO RICO MAYAGUEZ,URAP01426
UNIVERSIDAD DE SALAMANCA,URAP01427
UNIVERSIDAD DE SAN CARLOS DE GUATEMALA,URAP01428
UNIVERSIDAD DE SANTIAGO DE CHILE,URAP01429
UNIVERSIDAD DE SEVILLA,URAP01430
UNIVERSIDAD DE SONORA,URAP01431
UNIVERSIDAD DE TALCA,URAP01432
UNIVERSIDAD DE TARAPACA,URAP01433
UNIVERSIDAD DE VALLADOLID,URAP01434
UNIVERSIDAD DE ZARAGOZA,URAP01435
UNIVERSIDAD DEL PAIS VASCO,URAP01436
UNIVERSIDAD DEL VALLE,URAP01437
UNIVERSIDAD DEL ZULIA,URAP01438
UNIVERSIDAD DIEGO PORTALES,URAP01439
UNIVERSIDAD EUROPEA DE MADRID,URAP01440
UNIVERSIDAD MAYOR DE SAN ANDRES,URAP01441
UNIVERSIDAD MICHOACANA DE SAN NICOLAS DE HIDALGO,URAP01442
UNIVERSIDAD MIGUEL HERNANDEZ,URAP01443
UNIVERSIDAD NACIONAL AUTONOMA DE MEXICO,URAP01444
UNIVERSIDAD NACIONAL DE COLOMBIA,URAP01445
UNIVERSIDAD NACIONAL DE CORDOBA,URAP01446
UNIVERSIDAD NACIONAL DE CUYO MENDOZA,URAP01447
UNIVERSIDAD NACIONAL DE EDUCACION A DISTANCIA,URAP01448
UNIVERSIDAD NACIONAL DE LA PLATA,URAP01449
UNIVERSIDAD NACIONAL DE MAR DEL PLATA,URAP01450
UNIVERSIDAD NACIONAL DE RIO CUARTO,URAP01451
UNIVERSIDAD NACIONAL DE ROSARIO,URAP01452
UNIVERSIDAD NACIONAL DE SALTA,URAP01453
UNIVERSIDAD NACIONAL DE SAN LUIS,URAP01454
UNIVERSIDAD NACIONAL DE TUCUMAN UNT,URAP01455
UNIVERSIDAD NACIONAL DEL LITORAL,URAP01456
UNIVERSIDAD NACIONAL DEL NORDESTE,URAP01457
UNIVERSIDAD NACIONAL DEL SUR,URAP01458
UNIVERSIDAD NACIONAL MAYOR DE SAN MARCOS,URAP01459
UNIVERSIDAD PABLO DE OLAVIDE,URAP01460
UNIVERSIDAD POLITECNICA DE CARTAGENA,URAP01461
UNIVERSIDAD POLITECNICA DE MADRID,URAP01462
UNIVERSIDAD POLITECNICA DE VALENCIA,URAP01463
UNIVERSIDAD PUBLICA DE NAVARRA,URAP01464
UNIVERSIDAD REY JUAN CARLOS,URAP01465
UNIVERSIDAD SAN FRANCISCO DE QUITO,URAP01466
UNIVERSIDAD SIMON BOLIVAR VENEZUELA,URAP01467
UNIVERSIDAD TECNICA FEDERICO SANTA MARIA,URAP01468
UNIVERSIDAD TECNOLOGICA NACIONAL,URAP01469
UNIVERSIDADE CATOLICA DE BRASILIA,URAP01470
UNIVERSIDADE CATOLICA PORTUGUESA,URAP01471
UNIVERSIDADE DA BEIRA INTERIOR,URAP01472
UNIVERSIDADE DA CORUNA,URAP01473
UNIVERSIDADE DA MADEIRA,URAP01474
UNIVERSIDADE DE AVEIRO,URAP01475
UNIVERSIDADE DE BRASILIA,URAP01476
UNIVERSIDADE DE CAXIAS DO SUL,URAP01477
UNIVERSIDADE DE COIMBRA,URAP01478
UNIVERSIDADE DE EVORA,URAP01479
UNIVERSIDADE DE LISBOA,URAP01480
UNIVERSIDADE DE PASSO FUNDO,URAP01481
UNIVERSIDADE DE SANTIAGO DE COMPOSTELA,URAP01482
UNIVERSIDADE DE SAO PAULO,URAP01483
UNIVERSIDADE DE TRAS-OS-MONTES E ALTO DOURO,URAP01484
UNIVERSIDADE DE TRASEOSEMONTES E ALTO DOURO,URAP01485
UNIVERSIDADE DE VIGO,URAP01486
UNIVERSIDADE DO ALGARVE,URAP01487
UNIVERSIDADE DO ESTADO DE SANTA CATARINA,URAP01488
UNIVERSIDADE DO ESTADO DO RIO DE JANEIRO,URAP01489
UNIVERSIDADE DO MINHO,URAP01490
UNIVERSIDADE DO PORTO,URAP01491
UNIVERSIDADE DO VALE DO RIO DOS SINOS,URAP01492
UNIVERSIDADE ESTADUAL DE CAMPINAS,URAP01493
UNIVERSIDADE ESTADUAL DE FEIRA DE SANTANA,URAP01494
UNIVERSIDADE ESTADUAL DE LONDRINA,URAP01495
UNIVERSIDADE ESTADUAL DE MARINGA,URAP01496
UNIVERSIDADE ESTADUAL DE PONTA GROSSA,URAP01497
UNIVERSIDADE ESTADUAL PAULISTA,URAP01498
UNIVERSIDADE FEDERAL DA BAHIA,URAP01499
UNIVERSIDADE FEDERAL DA PARAIBA,URAP01500
UNIVERSIDADE FEDERAL DE ALAGOAS,URAP01501
UNIVERSIDADE FEDERAL DE GOIAS,URAP01502
UNIVERSIDADE FEDERAL DE LAVRAS,URAP01503
UNIVERSIDADE FEDERAL DE MATO GROSSO,URAP01504
UNIVERSIDADE FEDERAL DE MATO GROSSO DO SUL,URAP01505
UNIVERSIDADE FEDERAL DE MINAS GERAIS,URAP01506
UNIVERSIDADE FEDERAL DE OURO PRETO,URAP01507
UNIVERSIDADE FEDERAL DE PERNAMBUCO,URAP01508
UNIVERSIDADE FEDERAL DE SANTA CATARINA,URAP01509
UNIVERSIDADE FEDERAL DE SANTA MARIA,URAP01510
UNIVERSIDADE FEDERAL DE SAO CARLOS,URAP01511
UNIVERSIDADE FEDERAL DE SAO JOAO DEL-REI UFSJ,URAP01512
UNIVERSIDADE FEDERAL DE SAO PAULO,URAP01513
UNIVERSIDADE FEDERAL DE SERGIPE,URAP01514
UNIVERSIDADE FEDERAL DE UBERLANDIA,URAP01515
UNIVERSIDADE FEDERAL DE VICOSA,URAP01516
UNIVERSIDADE FEDERAL DO ABC,URAP01517
UNIVERSIDADE FEDERAL DO CEARA,URAP01518
UNIVERSIDADE FEDERAL DO PARA,URAP01519
UNIVERSIDADE FEDERAL DO PARANA,URAP01520
UNIVERSIDADE FEDERAL DO RIO DE JANEIRO,URAP01521
UNIVERSIDADE FEDERAL DO RIO GRANDE DO NORTE,URAP01522
UNIVERSIDADE FEDERAL DO RIO GRANDE DO SUL,URAP01523
UNIVERSIDADE FEDERAL FLUMINENSE,URAP01524
UNIVERSIDADE FEDERAL RURAL DO RIO DE JANEIRO,URAP01525
UNIVERSIDADE FERNANDO PESSOA,URAP01526
UNIVERSIDADE NOVA DE LISBOA,URAP01527
UNIVERSIDADE PRESBITERIANA MACKENZIE,URAP01528
UNIVERSIDADE TECNICA DE LISBOA,URAP01529
UNIVERSIDADE TECNOLOGICA FEDERAL DO PARANA,URAP01530
UNIVERSITA BOCCONI,URAP01531
UNIVERSITA CA FOSCARI VENEZIA,URAP01532
UNIVERSITA DEGLI STUDI DEL MOLISE,URAP01533
UNIVERSITA DEGLI STUDI DEL PIEMONTE ORIENTALE AMEDEO AVOGADRO,URAP01534
UNIVERSITA DEGLI STUDI DEL SANNIO,URAP01535
UNIVERSITA DEGLI STUDI DELLA BASILICATA,URAP01536
UNIVERSITA DEGLI STUDI DELLAQUILA,URAP01537
UNIVERSITA DEGLI STUDI DELLINSUBRIA VARESE E COMO,URAP01538
UNIVERSITA DEGLI STUDI DI BERGAMO,URAP01539
UNIVERSITA DEGLI STUDI DI CAMERINO,URAP01540
UNIVERSITA DEGLI STUDI DI CASSINO,URAP01541
UNIVERSITA DEGLI STUDI DI FIRENZE,URAP01542
UNIVERSITA DEGLI STUDI DI GENOVA,URAP01543
UNIVERSITA DEGLI STUDI DI MESSINA,URAP01544
UNIVERSITA DEGLI STUDI DI MILANO,URAP01545
UNIVERSITA DEGLI STUDI DI NAPOLI FEDERICO II,URAP01546
UNIVERSITA DEGLI STUDI DI PADOVA,URAP01547
UNIVERSITA DEGLI STUDI DI PALERMO,URAP01548
UNIVERSITA DEGLI STUDI DI PAVIA,URAP01549
UNIVERSITA DEGLI STUDI DI ROMA LA SAPIENZA,URAP01550
UNIVERSITA DEGLI STUDI DI ROMA TOR VERGATA,URAP01551
UNIVERSITA DEGLI STUDI DI SASSARI,URAP01552
UNIVERSITA DEGLI STUDI DI SIENA,URAP01553
UNIVERSITA DEGLI STUDI DI TORINO,URAP01554
UNIVERSITA DEGLI STUDI DI TRENTO,URAP01555
UNIVERSITA DEGLI STUDI DI URBINO CARLO BO,URAP01556
UNIVERSITA DEGLI STUDI G DANNUNZIO CHIETI E PESCARA,URAP01557
UNIVERSITA DEGLI STUDI ROMA TRE,URAP01558
UNIVERSITA DELLA CALABRIA,URAP01559
UNIVERSITA DELLA TUSCIA VITERBO,URAP01560
UNIVERSITA DI BOLOGNA,URAP01561
UNIVERSITA DI PISA,URAP01562
UNIVERSITA DI SALERNO,URAP01563
UNIVERSITA POLITECNICA DELLE MARCHE,URAP01564
UNIVERSITA VITA-SALUTE SAN RAFFAELE,URAP01565
UNIVERSITA VITAESALUTE SAN RAFFAELE,URAP01566
UNIVERSITAS GADJAH MADA,URAP01567
UNIVERSITAT AUGSBURG,URAP01568
UNIVERSITAT AUTONOMA DE BARCELONA,URAP01569
UNIVERSITAT BASEL,URAP01570
UNIVERSITAT BAYREUTH,URAP01571
UNIVERSITAT BERN,URAP01572
UNIVERSITAT BIELEFELD,URAP01573
UNIVERSITAT BREMEN,URAP01574
UNIVERSITAT DALACANT,URAP01575
UNIVERSITAT DE BARCELONA,URAP01576
UNIVERSITAT DE GIRONA,URAP01577
UNIVERSITAT DE LES ILLES BALEARS,URAP01578
UNIVERSITAT DE LLEIDA,URAP01579
UNIVERSITAT DE VALENCIA,URAP01580
UNIVERSITAT DER BUNDESWEHR MUNCHEN,URAP01581
UNIVERSITAT DES SAARLANDES,URAP01582
HEINRICH HEINE UNIVERSITAT DUSSELDORF,URAP01583
FRIEDRICH ALEXANDER UNIVERSITAT ERLANGEN NURNBERG,URAP01584
JOHANN WOLFGANG GOETHE UNIVERSITAT FRANKFURT AM MAIN,URAP01585
UNIVERSITAT FREIBURG,URAP01586
UNIVERSITAT FUR BODENKULTUR WIEN,URAP01587
UNIVERSITAT GOTTINGEN,URAP01588
UNIVERSITAT HAMBURG,URAP01589
UNIVERSITAT HANNOVER,URAP01590
UNIVERSITAT HOHENHEIM,URAP01591
UNIVERSITAT INNSBRUCK,URAP01592
UNIVERSITAT JAUME I,URAP01593
UNIVERSITAT KARLSRUHE,URAP01594
UNIVERSITAT KASSEL,URAP01595
UNIVERSITAT KONSTANZ,URAP01596
UNIVERSITAT LEIPZIG,URAP01597
UNIVERSITAT MANNHEIM,URAP01598
UNIVERSITAT MUNSTER,URAP01599
UNIVERSITAT OBERTA DE CATALUNYA,URAP01600
UNIVERSITAT OSNABRUCK,URAP01601
UNIVERSITAT OTTO FRIEDRICH UNIVERSITAT BAMBERG,URAP01602
UNIVERSITAT PADERBORN,URAP01603
UNIVERSITAT POLITECNICA DE CATALUNYA,URAP01604
UNIVERSITAT POMPEU FABRA,URAP01605
UNIVERSITAT POTSDAM,URAP01606
UNIVERSITAT REGENSBURG,URAP01607
UNIVERSITAT ROVIRA I VIRGILI,URAP01608
UNIVERSITAT SALZBURG,URAP01609
UNIVERSITAT SIEGEN,URAP01610
UNIVERSITAT STUTTGART,URAP01611
UNIVERSITAT TRIER,URAP01612
UNIVERSITAT TUBINGEN,URAP01613
UNIVERSITAT ULM,URAP01614
UNIVERSITAT WIEN,URAP01615
UNIVERSITAT WITTEN/HERDECKE,URAP01616
UNIVERSITAT WURZBURG,URAP01617
UNIVERSITAT ZU KOLN,URAP01618
UNIVERSITAT ZU LUBECK,URAP01619
UNIVERSITAT ZURICH,URAP01620
UNIVERSITATEA DE VEST DIN TIMISOARA,URAP01621
UNIVERSITATEA DIN CRAIOVA,URAP01622
UNIVERSITATSKLINIKUM MANNHEIM,URAP01623
CATHOLIC UNIVERSITY OF THE SACRED HEART,URAP01624
UNIVERSITE AIX-MARSEILLE 3 PAUL CEZANNE,URAP01625
UNIVERSITE AIXEMARSEILLE 3 PAUL CEZANNE,URAP01626
UNIVERSITE BADJI MOKHTAR,URAP01627
UNIVERSITE BLAISE PASCAL CLERMONT-FERRAND II,URAP01628
UNIVERSITE CATHOLIQUE DE LOUVAIN,URAP01629
UNIVERSITE CHEIKH-ANTA-DIOP,URAP01630
UNIVERSITE CLAUDE BERNARD LYON 1,URAP01631
UNIVERSITE DANGERS,URAP01632
UNIVERSITE DARTOIS,URAP01633
UNIVERSITE DE BOURGOGNE,URAP01634
UNIVERSITE DE BRETAGNE OCCIDENTALE,URAP01635
UNIVERSITE DE CAEN BASSE NORMANDIE,URAP01636
UNIVERSITE DE CERGY PONTOISE,URAP01637
UNIVERSITE DE EVRY VAL DESSONNE,URAP01638
UNIVERSITE DE FRANCHE COMTE,URAP01639
UNIVERSITE DE GENEVE,URAP01640
UNIVERSITE DE HAUTE ALSACE MULHOUSE,URAP01641
UNIVERSITE DE LA REUNION,URAP01642
UNIVERSITE DE LAUSANNE,URAP01643
UNIVERSITE DE LIEGE,URAP01644
UNIVERSITE DE LIMOGES,URAP01645
UNIVERSITE DE LYON,URAP01646
UNIVERSITE DE MONCTON,URAP01647
UNIVERSITE DE MONS-HAINAUT,URAP01648
UNIVERSITE DE MONSEHAINAUT,URAP01649
UNIVERSITE DE MONTREAL,URAP01650
UNIVERSITE DE NEUCHATEL,URAP01651
UNIVERSITE DE NICE SOPHIA ANTIPOLIS,URAP01652
UNIVERSITE DE PARIS XII VAL DE MARNE,URAP01653
UNIVERSITE DE PAU ET DES PAYS DE LADOUR,URAP01654
UNIVERSITE DE PERPIGNAN VIA DOMITIA,URAP01655
UNIVERSITE DE PICARDIE JULES VERNE,URAP01656
UNIVERSITE DE POITIERS,URAP01657
UNIVERSITE DE REIMS CHAMPAGNE-ARDENNE,URAP01658
UNIVERSITE DE REIMS CHAMPAGNEEARDENNE,URAP01659
UNIVERSITE DE RENNES 1,URAP01660
UNIVERSITE DE ROUEN,URAP01661
UNIVERSITE DE SAVOIE,URAP01662
UNIVERSITE DE SIDI-BEL-ABBES,URAP01663
UNIVERSITE DE STRASBOURG,URAP01664
UNIVERSITE DE TECHNOLOGIE DE COMPIEGNE,URAP01665
UNIVERSITE DE TOURS FRANCOIS RABELAIS,URAP01666
UNIVERSITE DE VALENCIENNES ET DU HAINAUT CAMBRESIS,URAP01667
UNIVERSITE DE VERSAILLES SAINT QUENTIN EN YVELINES,URAP01668
UNIVERSITE DE YAOUNDE I,URAP01669
UNIVERSITE DORLEANS,URAP01670
UNIVERSITE DU DROIT ET DE LA SANTE- LILLE 2,URAP01671
UNIVERSITE DU HAVRE,URAP01672
UNIVERSITE DU LITTORAL COTE DOPALE,URAP01673
UNIVERSITE DU LUXEMBOURG,URAP01674
UNIVERSITE DU MAINE LE MANS - LAVAL,URAP01675
UNIVERSITE DU MAINE LE MANS E LAVAL,URAP01676
UNIVERSITE DU QUEBEC CHICOUTIMI,URAP01677
UNIVERSITE DU QUEBEC MONTREAL,URAP01678
UNIVERSITE DU QUEBEC OUTAOUAIS,URAP01679
UNIVERSITE DU QUEBEC TROIS-RIVIERES,URAP01680
UNIVERSITE DU QUEBEC TROISERIVIERES,URAP01681
UNIVERSITE DU SUD TOULON VAR,URAP01682
UNIVERSITE JOSEPH FOURIER GRENOBLE 1,URAP01683
UNIVERSITE LAURENTIENNE,URAP01684
UNIVERSITE LAVAL,URAP01685
UNIVERSITE LIBRE DE BRUXELLES,URAP01686
UNIVERSITY OF LILLE 1,URAP01687
UNIVERSITE DU DROIT ET DE LA SANTEE LILLE 2,URAP01688
UNIVERSITE LUMIERE LYON 2,URAP01689
UNIVERSITE MENTOURI CONSTANTINE,URAP01690
UNIVERSITY OF MONTPELLIER 2,URAP01691
UNIVERSITE PARIS I PANTHEON SORBONNE,URAP01692
UNIVERSITE PARIS 13,URAP01693
UNIVERSITE PARIS 8 VINCENNES ST DENIS,URAP01694
UNIVERSITY OF PARIS DAUPHINE (PARIS 9),URAP01695
UNIVERSITE RENE DESCARTES PARIS 5,URAP01696
UNIVERSITY OF PARIS DIDEROT (PARIS 7),URAP01697
UNIVERSITE PARIS EAST MARNE LA VALLEE,URAP01698
UNIVERSITE PARIS X NANTERRE,URAP01699
UNIVERSITE PARIS-EST (UPE),URAP01700
UNIVERSITE PARIS SORBONNE (PARIS IV),URAP01701
UNIVERSITE PARIS XI SUD,URAP01702
PAUL SABATIER UNIVERSITY (TOULOUSE 3),URAP01703
UNIVERSITE PAUL VERLAINE METZ,URAP01704
UNIVERSITE MONTPELLIER 3 PAUL VALERY,URAP01705
UNIVERSITE PARIS 6 PIERRE AND MARIE CURIE,URAP01706
UNIVERSITE RENNES 2 HAUTE BRETAGNE,URAP01707
UNIVERSITE TOULOUSE 1 SCIENCES SOCIALES,URAP01708
UNIVERSITE TOULOUSE II LE MIRAIL,URAP01709
UNIVERSITI KEBANGSAAN MALAYSIA (UKM),URAP01710
UNIVERSITI MALAYA (UM),URAP01711
UNIVERSITI MALAYSIA PERLIS,URAP01712
UNIVERSITI MALAYSIA SARAWAK,URAP01713
UNIVERSITI MALAYSIA TERENGGANU,URAP01714
UNIVERSITI PUTRA MALAYSIA (UPM),URAP01715
UNIVERSITI SAINS MALAYSIA (USM),URAP01716
UNIVERSITI TEKNOLOGI MALAYSIA (UTM),URAP01717
UNIVERSITI TEKNOLOGI MARA,URAP01718
UNIVERSITI TEKNOLOGI PETRONAS,URAP01719
UNIVERSITI TUNKU ABDUL RAHMAN,URAP01720
STATE UNIVERSITY OF NEW YORK AT ALBANY,URAP01721
STATE UNIVERSITY OF NEW YORK AT BUFFALO,URAP01722
UNIVERSITY BABES BOLYAI,URAP01723
UNIVERSITY COLLEGE CORK NATIONAL UNIVERSITY OF IRELAND,URAP01724
UNIVERSITY COLLEGE DUBLIN NATIONAL UNIVERSITY OF IRELAND,URAP01725
UNIVERSITY COLLEGE HOSPITAL IBADAN,URAP01726
UNIVERSITY COLLEGE LONDON,URAP01727
UNIVERSITY COLLEGE OF BORAS,URAP01728
UNIVERSITY OF ABERDEEN,URAP01729
UNIVERSITY OF ABERTAY DUNDEE,URAP01730
UNIVERSITY OF ABOBO-ADJAME,URAP01731
UNIVERSITY OF ABOMEY-CALAVI,URAP01732
UNIVERSITY OF ABOMEYECALAVI,URAP01733
UNIVERSITY OF ADELAIDE,URAP01734
UNIVERSITY OF AGDER,URAP01735
UNIVERSITY OF AIZU,URAP01736
UNIVERSITY OF AKRON,URAP01737
UNIVERSITY OF ALABAMA BIRMINGHAM,URAP01738
UNIVERSITY OF ALABAMA HUNTSVILLE,URAP01739
UNIVERSITY OF ALABAMA TUSCALOOSA,URAP01740
UNIVERSITY OF ALASKA ANCHORAGE,URAP01741
UNIVERSITY OF ALASKA FAIRBANKS,URAP01742
UNIVERSITY OF ALBERTA,URAP01743
UNIVERSITY OF ALLAHABAD,URAP01744
UNIVERSITY OF AMSTERDAM,URAP01745
UNIVERSITY OF ANTOFAGASTA,URAP01746
UNIVERSITY OF ANTWERP,URAP01747
UNIVERSITY OF ARIZONA,URAP01748
UNIVERSITY OF ARKANSAS FAYETTEVILLE,URAP01749
UNIVERSITY OF ARKANSAS FOR MEDICAL SCIENCES,URAP01750
UNIVERSITY OF ARKANSAS LITTLE ROCK,URAP01751
UNIVERSITY OF AUCKLAND,URAP01752
UNIVERSITY OF BAGHDAD,URAP01753
UNIVERSITY OF BAHRAIN,URAP01754
UNIVERSITY OF BALLARAT,URAP01755
UNIVERSITY OF BARI,URAP01756
UNIVERSITY OF BATH,URAP01757
UNIVERSITY OF BELGRADE,URAP01758
UNIVERSITY OF BENIN,URAP01759
UNIVERSITY OF BERGEN,URAP01760
UNIVERSITY OF BIRJAND,URAP01761
UNIVERSITY OF BIRMINGHAM,URAP01762
UNIVERSITY OF BOLTON,URAP01763
UNIVERSITY OF BORDEAUX 1,URAP01764
UNIVERSITY OF BOTSWANA,URAP01765
UNIVERSITY OF BRADFORD,URAP01766
UNIVERSITY OF BRASILIA (UNB),URAP01767
UNIVERSITY OF BRESCIA,URAP01768
UNIVERSITY OF BRIGHTON,URAP01769
UNIVERSITY OF BRISTOL,URAP01770
UNIVERSITY OF BRITISH COLUMBIA,URAP01771
UNIVERSITY OF BUCHAREST,URAP01772
UNIVERSITY OF BUEA,URAP01773
UNIVERSITY OF BURDWAN,URAP01774
UNIVERSITY OF CAGLIARI,URAP01775
UNIVERSITY OF CALCUTTA,URAP01776
UNIVERSITY OF CALGARY,URAP01777
UNIVERSITY OF CALIFORNIA BERKELEY,URAP01778
UNIVERSITY OF CALIFORNIA DAVIS,URAP01779
UNIVERSITY OF CALIFORNIA IRVINE,URAP01780
UNIVERSITY OF CALIFORNIA LOS ANGELES,URAP01781
UNIVERSITY OF CALIFORNIA RIVERSIDE,URAP01782
UNIVERSITY OF CALIFORNIA SAN DIEGO,URAP01783
UNIVERSITY OF CALIFORNIA SAN FRANCISCO,URAP01784
UNIVERSITY OF CALIFORNIA SANTA BARBARA,URAP01785
UNIVERSITY OF CALIFORNIA SANTA CRUZ,URAP01786
UNIVERSITY OF CAMBRIDGE,URAP01787
UNIVERSITY OF CANBERRA,URAP01788
UNIVERSITY OF CANTERBURY,URAP01789
UNIVERSITY OF CAPE TOWN,URAP01790
UNIVERSITY OF CARTHAGE,URAP01791
UNIVERSITY OF CASSINO,URAP01792
UNIVERSITY OF CATANIA,URAP01793
UNIVERSITY OF CATANZARO,URAP01794
UNIVERSITY OF CENTRAL ARKANSAS,URAP01795
UNIVERSITY OF CENTRAL FLORIDA,URAP01796
UNIVERSITY OF CENTRAL LANCASHIRE,URAP01797
UNIVERSITY OF CHEMICAL TECHNOLOGY AND METALLURGY SOFIA,URAP01798
UNIVERSITY OF CHICAGO,URAP01799
UNIVERSITY OF CINCINNATI,URAP01800
UNIVERSITY OF COCODY,URAP01801
UNIVERSITY OF COLORADO AT DENVER,URAP01802
UNIVERSITY OF COLORADO BOULDER,URAP01803
UNIVERSITY OF COLORADO COLORADO SPRINGS,URAP01804
UNIVERSITY OF CONNECTICUT STORRS,URAP01805
UNIVERSITY OF COPENHAGEN,URAP01806
UNIVERSITY OF CORDOBA,URAP01807
UNIVERSITY OF CRETE,URAP01808
UNIVERSITY OF CYPRUS,URAP01809
UNIVERSITY OF DAR ES SALAAM,URAP01810
UNIVERSITY OF DAYTON,URAP01811
UNIVERSITY OF DEBRECEN,URAP01812
UNIVERSITY OF DELAWARE,URAP01813
UNIVERSITY OF DELHI,URAP01814
UNIVERSITY OF DENVER,URAP01815
UNIVERSITY OF DERBY,URAP01816
UNIVERSITY OF DETROIT MERCY,URAP01817
UNIVERSITY OF DHAKA,URAP01818
UNIVERSITY OF DOUALA,URAP01819
UNIVERSITY OF DSCHANG,URAP01820
UNIVERSITY OF DUBLIN TRINITY COLLEGE,URAP01821
UNIVERSITY OF DUISBURG-ESSEN,URAP01822
UNIVERSITY OF DUNDEE,URAP01823
UNIVERSITY OF EAST ANGLIA,URAP01824
UNIVERSITY OF EAST LONDON,URAP01825
UNIVERSITY OF ECONOMICS PRAGUE,URAP01826
UNIVERSITY OF EDINBURGH,URAP01827
UNIVERSITY OF ELECTRO-COMMUNICATIONS,URAP01828
UNIVERSITY OF ELECTROECOMMUNICATIONS,URAP01829
UNIVERSITY OF ELECTRONIC SCIENCE & TECHNOLOGY OF CHINA,URAP01830
UNIVERSITY OF ESSEX,URAP01831
UNIVERSITY OF EXETER,URAP01832
UNIVERSITY OF FERRARA,URAP01833
UNIVERSITY OF FLORIDA,URAP01834
UNIVERSITY OF FOGGIA,URAP01835
UNIVERSITY OF FRIBOURG,URAP01836
UNIVERSITY OF FUKUI,URAP01837
UNIVERSITY OF GAVLE,URAP01838
UNIVERSITY OF GEORGIA,URAP01839
UNIVERSITY OF GEORGIA GRIFFIN CAMPUS,URAP01840
UNIVERSITY OF GHANA,URAP01841
UNIVERSITY OF GLAMORGAN,URAP01842
UNIVERSITY OF GLASGOW,URAP01843
UNIVERSITY OF GLOUCESTERSHIRE,URAP01844
UNIVERSITY OF GRAZ,URAP01845
UNIVERSITY OF GREENWICH,URAP01846
UNIVERSITY OF GREIFSWALD,URAP01847
UNIVERSITY OF GRONINGEN,URAP01848
UNIVERSITY OF GUAM,URAP01849
UNIVERSITY OF GUELPH,URAP01850
UNIVERSITY OF GUILAN,URAP01851
UNIVERSITY OF HAIFA,URAP01852
UNIVERSITY OF HARTFORD,URAP01853
UNIVERSITY OF HAWAII AT MANOA,URAP01854
UNIVERSITY OF HAWAII HILO,URAP01855
UNIVERSITY OF HELSINKI,URAP01856
UNIVERSITY OF HERTFORDSHIRE,URAP01857
UNIVERSITY OF HONG KONG,URAP01858
UNIVERSITY OF HOUSTON,URAP01859
UNIVERSITY OF HUDDERSFIELD,URAP01860
UNIVERSITY OF HULL,URAP01861
UNIVERSITY OF HYDERABAD,URAP01862
UNIVERSITY OF HYOGO KOBE,URAP01863
UNIVERSITY OF IBADAN,URAP01864
UNIVERSITY OF ICELAND,URAP01865
UNIVERSITY OF IDAHO,URAP01866
UNIVERSITY OF ILLINOIS CHICAGO,URAP01867
UNIVERSITY OF ILLINOIS SPRINGFIELD,URAP01868
UNIVERSITY OF ILLINOIS URBANA CHAMPAIGN,URAP01869
UNIVERSITY OF ILORIN,URAP01870
UNIVERSITY OF INDONESIA,URAP01871
UNIVERSITY OF INTERNATIONAL BUSINESS AND ECONOMICS,URAP01872
UNIVERSITY OF IOANNINA,URAP01873
UNIVERSITY OF IOWA,URAP01874
UNIVERSITY OF ISFAHAN,URAP01875
UNIVERSITY OF JAMMU,URAP01876
UNIVERSITY OF JENA,URAP01877
UNIVERSITY OF JOHANNESBURG,URAP01878
UNIVERSITY OF JORDAN,URAP01879
UNIVERSITY OF KALMAR,URAP01880
UNIVERSITY OF KALYANI,URAP01881
UNIVERSITY OF KANSAS LAWRENCE,URAP01882
UNIVERSITY OF KARACHI,URAP01883
UNIVERSITY OF KARLSTAD,URAP01884
UNIVERSITY OF KASHAN,URAP01885
UNIVERSITY OF KASHMIR,URAP01886
UNIVERSITY OF KENT,URAP01887
UNIVERSITY OF KENTUCKY,URAP01888
UNIVERSITY OF KERALA,URAP01889
UNIVERSITY OF KIEL,URAP01890
UNIVERSITY OF KRAGUJEVAC,URAP01891
UNIVERSITY OF KUOPIO,URAP01892
UNIVERSITY OF KUWAIT,URAP01893
UNIVERSITY OF KWAZULU-NATAL,URAP01894
UNIVERSITY OF KWAZULUENATAL,URAP01895
UNIVERSITY OF LAGOS,URAP01896
UNIVERSITY OF LATVIA,URAP01897
UNIVERSITY OF LEEDS,URAP01898
UNIVERSITY OF LEICESTER,URAP01899
UNIVERSITY OF LETHBRIDGE,URAP01900
UNIVERSITY OF LIFE SCIENCES IN POZNAN,URAP01901
UNIVERSITY OF LIMERICK,URAP01902
UNIVERSITY OF LIMPOPO,URAP01903
UNIVERSITY OF LIVERPOOL,URAP01904
UNIVERSITY OF LJUBLJANA,URAP01905
UNIVERSITY OF LODZ,URAP01906
UNIVERSITY OF LOME,URAP01907
UNIVERSITY OF LONDON - ST GEORGES,URAP01908
UNIVERSITY OF LONDON E ST GEORGES,URAP01909
UNIVERSITY OF LOUISIANA AT LAFAYETTE,URAP01910
UNIVERSITY OF LOUISIANA AT MONROE,URAP01911
UNIVERSITY OF LOUISVILLE,URAP01912
UNIVERSITY OF LUCKNOW,URAP01913
UNIVERSITY OF MAASTRICHT,URAP01914
UNIVERSITY OF MACAU,URAP01915
UNIVERSITY OF MACEDONIA,URAP01916
UNIVERSITY OF MADRAS,URAP01917
UNIVERSITY OF MAINE,URAP01918
UNIVERSITY OF MALTA,URAP01919
UNIVERSITY OF MANCHESTER,URAP01920
UNIVERSITY OF MANITOBA,URAP01921
UNIVERSITY OF MARIBOR,URAP01922
UNIVERSITY OF MARYLAND,URAP01923
UNIVERSITY OF MARYLAND BALTIMORE,URAP01924
UNIVERSITY OF MARYLAND BALTIMORE COUNTY,URAP01925
UNIVERSITY OF MASSACHUSETTS AMHERST,URAP01926
UNIVERSITY OF MASSACHUSETTS BOSTON,URAP01927
UNIVERSITY OF MASSACHUSETTS DARTMOUTH,URAP01928
UNIVERSITY OF MASSACHUSETTS LOWELL,URAP01929
UNIVERSITY OF MEDICINE AND DENTISTRY NEW JERSEY,URAP01930
UNIVERSITY OF MELBOURNE,URAP01931
UNIVERSITY OF MEMPHIS,URAP01932
UNIVERSITY OF MIAMI,URAP01933
UNIVERSITY OF MICHIGAN ANN ARBOR,URAP01934
UNIVERSITY OF MICHIGANE DEARBORN,URAP01935
UNIVERSITY OF MICHIGAN FLINT,URAP01936
UNIVERSITY OF MICHIGAN-DEARBORN,URAP01937
UNIVERSITY OF MILANO - BICOCCA,URAP01938
UNIVERSITY OF MILANO E BICOCCA,URAP01939
UNIVERSITY OF MINNESOTA,URAP01940
UNIVERSITY OF MINNESOTA DULUTH,URAP01941
UNIVERSITY OF MISKOLC,URAP01942
UNIVERSITY OF MISSISSIPPI,URAP01943
UNIVERSITY OF MISSOURI COLUMBIA,URAP01944
UNIVERSITY OF MISSOURI KANSAS CITY,URAP01945
UNIVERSITY OF MISSOURI SAINT LOUIS,URAP01946
UNIVERSITY OF MODENA AND REGGIO EMILIA,URAP01947
UNIVERSITY OF MOHAGHEGH ARDABILI,URAP01948
UNIVERSITY OF MONASTIR,URAP01949
UNIVERSITY OF MONTANA MISSOULA,URAP01950
UNIVERSITY OF MONTENEGRO,URAP01951
UNIVERSITY OF MUMBAI,URAP01952
UNIVERSITY OF MYSORE,URAP01953
UNIVERSITY OF NAIROBI,URAP01954
UNIVERSITY OF NANTES,URAP01955
UNIVERSITY OF NEBRASKA LINCOLN,URAP01956
UNIVERSITY OF NEBRASKA MEDICAL CENTER,URAP01957
UNIVERSITY OF NEBRASKA OMAHA,URAP01958
UNIVERSITY OF NEVADA LAS VEGAS,URAP01959
UNIVERSITY OF NEVADA RENO,URAP01960
UNIVERSITY OF NEW BRUNSWICK,URAP01961
UNIVERSITY OF NEW ENGLAND AUSTRALIA,URAP01962
UNIVERSITY OF NEW HAMPSHIRE,URAP01963
UNIVERSITY OF NEW MEXICO,URAP01964
UNIVERSITY OF NEW ORLEANS,URAP01965
UNIVERSITY OF NEW SOUTH WALES,URAP01966
UNIVERSITY OF NEWCASTLE AUSTRALIA,URAP01967
UNIVERSITY OF NEWCASTLE UPON TYNE,URAP01968
UNIVERSITY OF NIGERIA,URAP01969
UNIVERSITY OF NIS,URAP01970
UNIVERSITY OF NORTH CAROLINA CHAPEL HILL,URAP01971
UNIVERSITY OF NORTH CAROLINA CHARLOTTE,URAP01972
UNIVERSITY OF NORTH CAROLINA GREENSBORO,URAP01973
UNIVERSITY OF NORTH CAROLINA WILMINGTON,URAP01974
UNIVERSITY OF NORTH DAKOTA,URAP01975
UNIVERSITY OF NORTH FLORIDA,URAP01976
UNIVERSITY OF NORTH TEXAS,URAP01977
UNIVERSITY OF NORTHAMPTON,URAP01978
UNIVERSITY OF NORTHERN BRITISH COLUMBIA,URAP01979
UNIVERSITY OF NORTHERN COLORADO,URAP01980
UNIVERSITY OF NORTHERN IOWA,URAP01981
UNIVERSITY OF NOTRE DAME,URAP01982
UNIVERSITY OF NOTTINGHAM,URAP01983
UNIVERSITY OF NOVI SAD,URAP01984
UNIVERSITY OF OCCUPATIONAL AND ENVIRONMENTAL HEALTH,URAP01985
UNIVERSITY OF OKLAHOMA,URAP01986
UNIVERSITY OF OREGON,URAP01987
UNIVERSITY OF ORIENTE,URAP01988
UNIVERSITY OF OSLO,URAP01989
UNIVERSITY OF OTAGO,URAP01990
UNIVERSITE DOTTAWA UNIVERSITY OF OTTAWA,URAP01991
UNIVERSITY OF OUAGADOUGOU,URAP01992
UNIVERSITY OF OULU,URAP01993
UNIVERSITY OF OXFORD,URAP01994
UNIVERSITY OF PARDUBICE,URAP01995
UNIVERSITY OF PARMA,URAP01996
UNIVERSITY OF PATRAS,URAP01997
UNIVERSITY OF PECS,URAP01998
UNIVERSITY OF PENNSYLVANIA,URAP01999
UNIVERSITY OF PERADENIYA,URAP02000
UNIVERSITY OF PERUGIA,URAP02001
UNIVERSITY OF PESHAWAR,URAP02002
UNIVERSITY OF PITTSBURGH,URAP02003
UNIVERSITY OF PLYMOUTH,URAP02004
UNIVERSITY OF PORTSMOUTH,URAP02005
UNIVERSITY OF PRETORIA,URAP02006
UNIVERSITY OF PRINCE EDWARD ISLAND,URAP02007
UNIVERSITY OF PROVENCE (AIX-MARSEILLE 1),URAP02008
UNIVERSITY OF PROVENCE (AIXEMARSEILLE 1),URAP02009
UNIVERSITY OF PUGET SOUND,URAP02010
UNIVERSITY OF PUNE,URAP02011
UNIVERSITY OF QATAR,URAP02012
UNIVERSITY OF QUEENSLAND,URAP02013
UNIVERSITY OF RAJASTHAN,URAP02014
UNIVERSITY OF READING,URAP02015
UNIVERSITY OF REGGIO CALABRIA,URAP02016
UNIVERSITY OF REGINA,URAP02017
UNIVERSITY OF RHODE ISLAND,URAP02018
UNIVERSITY OF RICHMOND,URAP02019
UNIVERSITY OF RIJEKA,URAP02020
UNIVERSITY OF ROCHESTER,URAP02021
UNIVERSITY OF ROSTOCK,URAP02022
UNIVERSITY OF SALFORD,URAP02023
UNIVERSITY OF SAN DIEGO,URAP02024
UNIVERSITY OF SAN FRANCISCO,URAP02025
UNIVERSITY OF SARAJEVO,URAP02026
UNIVERSITY OF SARGODHA,URAP02027
UNIVERSITY OF SASKATCHEWAN,URAP02028
UNIVERSITY OF SCIENCE & TECHNOLOGY BEIJING,URAP02029
UNIVERSITY OF SCIENCE AND TECHNOLOGY OF CHINA,URAP02030
UNIVERSITY OF SCIENCES AND TECHNOLOGY HOUARI BOUMEDIENE,URAP02031
UNIVERSITY OF SEOUL,URAP02032
UNIVERSITY OF SFAX,URAP02033
UNIVERSITY OF SHANGHAI FOR SCIENCE AND TECHNOLOGY,URAP02034
UNIVERSITY OF SHARJAH,URAP02035
UNIVERSITY OF SHEFFIELD,URAP02036
UNIVERSITY OF SHERBROOKE,URAP02037
UNIVERSITY OF SHIGA PREFECTURE,URAP02038
UNIVERSITY OF SHIZUOKA,URAP02039
UNIVERSITY OF SOUTH AFRICA,URAP02040
UNIVERSITY OF SOUTH ALABAMA,URAP02041
UNIVERSITY OF SOUTH AUSTRALIA,URAP02042
UNIVERSITY OF SOUTH BOHEMIA,URAP02043
UNIVERSITY OF SOUTH CAROLINA,URAP02044
UNIVERSITY OF SOUTH DAKOTA,URAP02045
UNIVERSITY OF SOUTH FLORIDA,URAP02046
UNIVERSITY OF SOUTHAMPTON,URAP02047
UNIVERSITY OF SOUTHERN BRITTANY,URAP02048
UNIVERSITY OF SOUTHERN CALIFORNIA,URAP02049
UNIVERSITY OF SOUTHERN DENMARK,URAP02050
UNIVERSITY OF SOUTHERN MAINE,URAP02051
UNIVERSITY OF SOUTHERN MISSISSIPPI,URAP02052
UNIVERSITY OF SOUTHERN QUEENSLAND,URAP02053
UNIVERSITY OF SPLIT,URAP02054
UNIVERSITY OF ST GALLEN (HSG),URAP02055
UNIVERSITY OF SAINT ANDREWS,URAP02056
UNIVERSITY OF STAVANGER,URAP02057
UNIVERSITY OF STIRLING,URAP02058
UNIVERSITY OF STRATHCLYDE,URAP02059
UNIVERSITY OF SUNDERLAND,URAP02060
UNIVERSITY OF SURREY,URAP02061
UNIVERSITY OF SUSSEX,URAP02062
UNIVERSITY OF SYDNEY,URAP02063
UNIVERSITY OF SZEGED,URAP02064
UNIVERSITY OF TAMPERE,URAP02065
UNIVERSITY OF TANTA,URAP02066
UNIVERSITY OF TASMANIA,URAP02067
UNIVERSITY OF TECHNOLOGY BRNO,URAP02068
UNIVERSITY OF TECHNOLOGY SYDNEY,URAP02069
UNIVERSITY OF TEESSIDE,URAP02070
UNIVERSITY OF TEHRAN,URAP02071
UNIVERSITY OF TENNESSEE E HEALTH SCIENCE CENTER AT MEMPHIS,URAP02072
UNIVERSITY OF TENNESSEE KNOXVILLE,URAP02073
UNIVERSITY OF TENNESSEE CHATTANOOGA,URAP02074
UNIVERSITY OF TENNESSEE - HEALTH SCIENCE CENTER AT MEMPHIS,URAP02075
UNIVERSITY OF TEXAS ARLINGTON,URAP02076
UNIVERSITY OF TEXAS AUSTIN,URAP02077
UNIVERSITY OF TEXAS BROWNSVILLE,URAP02078
UNIVERSITY OF TEXAS DALLAS,URAP02079
UNIVERSITY OF TEXAS EL PASO,URAP02080
UNIVERSITY OF TEXAS HEALTH SCIENCE CENTER AT HOUSTON,URAP02081
UNIVERSITY OF TEXAS HEALTH SCIENCE CENTER AT SAN ANTONIO,URAP02082
UNIVERSITY OF TEXAS MEDICAL BRANCH AT GALVESTON,URAP02083
UNIVERSITY OF TEXAS SAN ANTONIO,URAP02084
UNIVERSITY OF TEXAS SOUTHWESTERN MEDICAL CENTER AT DALLAS,URAP02085
UNIVERSITY OF TEXAS-PAN AMERICAN,URAP02086
UNIVERSITY OF TEXASEPAN AMERICAN,URAP02087
UNIVERSITY OF THE AEGEAN,URAP02088
UNIVERSITY OF THE FREE STATE,URAP02089
UNIVERSITY OF THE MEDITERRANEAN (AIX-MARSEILLE 2),URAP02090
UNIVERSITY OF THE MEDITERRANEAN (AIXEMARSEILLE 2),URAP02091
UNIVERSITY OF THE PACIFIC,URAP02092
UNIVERSITY OF THE PHILIPPINES,URAP02093
UNIVERSITY OF THE PUNJAB LAHORE,URAP02094
UNIVERSITY OF THE RYUKYUS,URAP02095
UNIVERSITY OF THE SOUTH PACIFIC,URAP02096
UNIVERSITY OF THE WEST INDIES,URAP02097
UNIVERSITY OF THE WEST INDIES MONA JAMAICA,URAP02098
UNIVERSITY OF THE WEST INDIES SYSTEM,URAP02099
UNIVERSITY OF THE WEST INDIES TRINIDAD AND TOBAGO,URAP02100
UNIVERSITY OF THE WEST OF ENGLAND,URAP02101
UNIVERSITY OF THE WESTERN CAPE,URAP02102
UNIVERSITY OF THE WITWATERSRAND,URAP02103
UNIVERSITY OF THESSALY,URAP02104
UNIVERSITY OF TILBURG,URAP02105
UNIVERSITY OF TOKUSHIMA,URAP02106
UNIVERSITY OF TOKYO,URAP02107
UNIVERSITY OF TOLEDO,URAP02108
UNIVERSITY OF TORONTO,URAP02109
UNIVERSITY OF TORONTO AT MISSISSAUGA,URAP02110
UNIVERSITY OF TORONTO AT SCARBOROUGH,URAP02111
UNIVERSITY OF TOYAMA,URAP02112
UNIVERSITY OF TRIESTE,URAP02113
UNIVERSITY OF TROMSO,URAP02114
UNIVERSITY OF TSUKUBA,URAP02115
UNIVERSITY OF TULSA,URAP02116
UNIVERSITY OF TUNIS,URAP02117
UNIVERSITY OF TURKU,URAP02118
UNIVERSITY OF TWENTE,URAP02119
UNIVERSITY OF UDINE,URAP02120
UNIVERSITY OF ULSTER,URAP02121
UNIVERSITY OF UTAH,URAP02122
UNIVERSITY OF VERACRUZ,URAP02123
UNIVERSITY OF VERMONT,URAP02124
UNIVERSITY OF VERONA,URAP02125
UNIVERSITY OF VETERINARY AND PHARMACEUTICAL SCIENCES,URAP02126
UNIVERSITY OF VETERINARY AND PHARMACEUTICAL SCIENCES BRNO,URAP02127
UNIVERSITY OF VICTORIA BRITISH COLUMBIA,URAP02128
UNIVERSITY OF VILNIUS,URAP02129
UNIVERSITY OF VIRGINIA,URAP02130
UNIVERSITY OF WAIKATO,URAP02131
UNIVERSITY OF WARMIA AND MAZURY,URAP02132
UNIVERSITY OF WARWICK,URAP02133
UNIVERSITY OF WASHINGTON BOTHELL,URAP02134
UNIVERSITY OF WASHINGTON SEATTLE,URAP02135
UNIVERSITY OF WATERLOO,URAP02136
UNIVERSITY OF WEST BOHEMIA,URAP02137
UNIVERSITY OF WEST FLORIDA,URAP02138
UNIVERSITY OF WEST HUNGARY,URAP02139
UNIVERSITY OF WESTERN AUSTRALIA,URAP02140
UNIVERSITY OF WESTERN ONTARIO,URAP02141
UNIVERSITY OF WESTERN SYDNEY,URAP02142
UNIVERSITY OF WESTMINSTER,URAP02143
UNIVERSITY OF WINDSOR,URAP02144
UNIVERSITY OF WINNIPEG,URAP02145
UNIVERSITY OF WISCONSIN EAU CLAIRE,URAP02146
UNIVERSITY OF WISCONSIN LA CROSSE,URAP02147
UNIVERSITY OF WISCONSIN MADISON,URAP02148
UNIVERSITY OF WISCONSIN MILWAUKEE,URAP02149
UNIVERSITY OF WISCONSIN OSHKOSH,URAP02150
UNIVERSITY OF WISCONSIN STEVENS POINT,URAP02151
UNIVERSITY OF WISCONSIN WHITEWATER,URAP02152
UNIVERSITY OF WOLLONGONG,URAP02153
UNIVERSITY OF WOLVERHAMPTON,URAP02154
UNIVERSITY OF WYOMING,URAP02155
UNIVERSITY OF YAMANASHI,URAP02156
UNIVERSITY OF YORK,URAP02157
UNIVERSITY OF ZAGREB,URAP02158
UNIVERSITY OF ZAMBIA,URAP02159
UNIVERSITY OF ZIELONA GORA,URAP02160
UNIVERSITY OF ZILINA,URAP02161
UNIVERSITY OF ZIMBABWE,URAP02162
UNIVERSITY POLITECHNICA OF BUCHAREST,URAP02163
UNIVERZITET U TUZLI,URAP02164
UNIWERSYTET JAGIELLONSKI W KRAKOWIE,URAP02165
UNIWERSYTET MEDYCZNY W LODZI,URAP02166
UNIWERSYTET PRZYRODNICZY W LUBLINIE,URAP02167
UNIWERSYTET PRZYRODNICZY WE WROCLAWIU,URAP02168
UNIWERSYTET W BIALYMSTOKU,URAP02169
UPPSALA UNIVERSITY,URAP02170
URAL STATE UNIVERSITY,URAP02171
URMIA UNIVERSITY,URAP02172
UTAH STATE UNIVERSITY,URAP02173
UTKAL UNIVERSITY,URAP02174
UTRECHT UNIVERSITY,URAP02175
UTSUNOMIYA UNIVERSITY,URAP02176
UZ GASTHUISBERG,URAP02177
VALPARAISO UNIVERSITY,URAP02178
VANDERBILT UNIVERSITY,URAP02179
VASSAR COLLEGE,URAP02180
VAXJO UNIVERSITY,URAP02181
VETERINARMEDIZINISCHE UNIVERSITAT WIEN,URAP02182
VICTOR BABES UNIVERSITY OF MEDICINE AND PHARMACY,URAP02183
VICTOR SEGALEN BORDEAUX 2 UNIVERSITY,URAP02184
VICTORIA UNIVERSITY OF WELLINGTON,URAP02185
VICTORIA UNIVERSITY AUSTRALIA,URAP02186
VIETNAM NATIONAL UNIVERSITY,URAP02187
VILLANOVA UNIVERSITY,URAP02188
VILNIUS GEDIMINAS TECHNICAL UNIVERSITY,URAP02189
VIRGINIA COMMONWEALTH UNIVERSITY,URAP02190
VIRGINIA POLYTECHNIC INSTITUTE AND STATE UNIVERSITY,URAP02191
VISVA-BHARATI UNIVERSITY,URAP02192
VISVAEBHARATI UNIVERSITY,URAP02193
VORONEZH STATE UNIVERSITY,URAP02194
VU UNIVERSITY OF AMSTERDAM,URAP02195
VYTAUTAS MAGNUS UNIVERSITY,URAP02196
WAGENINGEN UNIVERSITY & RESEARCH CENTRE,URAP02197
WAKAYAMA MEDICAL UNIVERSITY,URAP02198
WAKAYAMA UNIVERSITY,URAP02199
WAKE FOREST UNIVERSITY,URAP02200
WARSAW UNIVERSITY,URAP02201
WARSAW UNIVERSITY OF TECHNOLOGY,URAP02202
WASEDA UNIVERSITY,URAP02203
WASHINGTON & LEE UNIVERSITY,URAP02204
WASHINGTON STATE UNIVERSITY PULLMAN,URAP02205
WASHINGTON UNIVERSITY SAINT LOUIS,URAP02206
WATERFORD INSTITUTE OF TECHNOLOGY,URAP02207
WAYNE STATE UNIVERSITY,URAP02208
WEIZMANN INSTITUTE OF SCIENCE,URAP02209
WELLESLEY COLLEGE,URAP02210
WENZHOU MEDICAL COLLEGE,URAP02211
WENZHOU UNIVERSITY,URAP02212
WESLEYAN UNIVERSITY,URAP02213
WEST CHESTER UNIVERSITY OF PENNSYLVANIA,URAP02214
WEST VIRGINIA UNIVERSITY,URAP02215
WESTERN CAROLINA UNIVERSITY,URAP02216
WESTERN ILLINOIS UNIVERSITY,URAP02217
WESTERN KENTUCKY UNIVERSITY,URAP02218
WESTERN MICHIGAN UNIVERSITY,URAP02219
WESTERN WASHINGTON UNIVERSITY,URAP02220
WICHITA STATE UNIVERSITY,URAP02221
WILFRID LAURIER UNIVERSITY,URAP02222
WILLAMETTE UNIVERSITY,URAP02223
WILLIAMS COLLEGE,URAP02224
WIRTSCHAFTSUNIVERSITAT WIEN,URAP02225
WOJSKOWA AKADEMIA TECHNICZNA,URAP02226
WONKWANG UNIVERSITY,URAP02227
WOODS HOLE OCEANOGRAPHIC INSTITUTION,URAP02228
WORCESTER POLYTECHNIC INSTITUTE,URAP02229
WRIGHT STATE UNIVERSITY,URAP02230
WROCLAW UNIVERSITY,URAP02231
WROCLAW UNIVERSITY OF TECHNOLOGY,URAP02232
WUHAN UNIVERSITY,URAP02233
WUHAN UNIVERSITY OF SCIENCE AND TECHNOLOGY,URAP02234
WUHAN UNIVERSITY OF TECHNOLOGY,URAP02235
XIAMEN UNIVERSITY,URAP02236
XIAN JIAOTONG UNIVERSITY,URAP02237
XIAN UNIVERSITY OF ARCHITECTURE AND TECHNOLOGY,URAP02238
XIAN UNIVERSITY OF ENGINEERING SCIENCE AND TECHNOLOGY,URAP02239
XIAN UNIVERSITY OF TECHNOLOGY,URAP02240
XIANGTAN UNIVERSITY,URAP02241
XIDIAN UNIVERSITY,URAP02242
XIHUA UNIVERSITY,URAP02243
XINJIANG UNIVERSITY,URAP02244
XUZHOU NORMAL UNIVERSITY,URAP02245
YALE UNIVERSITY,URAP02246
YAMAGATA UNIVERSITY,URAP02247
YAMAGUCHI UNIVERSITY,URAP02248
YANBIAN UNIVERSITY,URAP02249
YANGTZE UNIVERSITY,URAP02250
YANGZHOU UNIVERSITY,URAP02251
YANSHAN UNIVERSITY,URAP02252
YANTAI UNIVERSITY,URAP02253
YARMOUK UNIVERSITY,URAP02254
YAZD UNIVERSITY,URAP02255
YEDITEPE UNIVERSITY,URAP02256
YEREVAN STATE UNIVERSITY,URAP02257
YESHIVA UNIVERSITY,URAP02258
YEUNGNAM UNIVERSITY,URAP02259
YILDIZ TECHNICAL UNIVERSITY,URAP02260
YOKOHAMA CITY UNIVERSITY,URAP02261
YOKOHAMA NATIONAL UNIVERSITY,URAP02262
YONSEI UNIVERSITY,URAP02263
YORK UNIVERSITY,URAP02264
YOUNGSTOWN STATE UNIVERSITY,URAP02265
YUAN ZE UNIVERSITY,URAP02266
YUNNAN AGRICULTURAL UNIVERSITY,URAP02267
YUNNAN UNIVERSITY,URAP02268
YUZUNCU YIL UNIVERSITY,URAP02269
ZAGAZIG UNIVERSITY,URAP02270
ZANJAN UNIVERSITY,URAP02271
ZHEJIANG AGRICULTURE & FORESTRY UNIVERSITY,URAP02272
ZHEJIANG GONGSHANG UNIVERSITY,URAP02273
ZHEJIANG NORMAL UNIVERSITY,URAP02274
ZHEJIANG UNIVERSITY,URAP02275
ZHEJIANG UNIVERSITY OF SCIENCE AND TECHNOLOGY,URAP02276
ZHEJIANG UNIVERSITY OF TECHNOLOGY,URAP02277
ZHENGZHOU UNIVERSITY,URAP02278
ZONGULDAK KARAELMAS UNIVERSITY,URAP02279
