uni_name,qs_id
AALBORG UNIVERSITY,QS00001
AALTO UNIVERSITY,QS00002
AARHUS UNIVERSITY,QS00003
ABERYSTWYTH UNIVERSITY,QS00004
ABO AKADEMI UNIVERSITY,QS00005
ABU DHABI UNIVERSITY,QS00006
ADAMSON UNIVERSITY,QS00007
AIN SHAMS UNIVERSITY,QS00008
AIRLANGGA UNIVERSITY,QS00009
AJOU UNIVERSITY,QS00010
AL AZHAR UNIVERSITY,QS00011
AL-FARABI KAZAKH NATIONAL UNIVERSITY,QS00012
AL-IMAM MOHAMED IBN SAUD ISLAMIC UNIVERSITY,QS00013
ALEXANDRIA UNIVERSITY,QS00014
ALEXANDRU IOAN CUZA UNIVERSITY,QS00015
ALPEN-ADRIA-UNIVERSITAT KLAGENFURT,QS00016
ALTAI STATE UNIVERSITY,QS00017
AMERICAN UNIVERSITY IN CAIRO,QS00018
AMERICAN UNIVERSITY OF BEIRUT (AUB),QS00019
AMERICAN UNIVERSITY OF SHARJAH (AUS),QS00020
AMERICAN UNIVERSITY,QS00021
AOYAMA GAKUIN UNIVERSITY,QS00022
ARISTOTLE UNIVERSITY OF THESSALONIKI,QS00023
ARIZONA STATE UNIVERSITY,QS00024
ASTON UNIVERSITY,QS00025
ATENEO DE MANILA UNIVERSITY,QS00026
ATHENS UNIVERSITY OF ECONOMY AND BUSINESS,QS00027
AUBURN UNIVERSITY,QS00028
AUCKLAND UNIVERSITY OF TECHNOLOGY,QS00029
AUSTRALIAN CATHOLIC UNIVERSITY,QS00030
AUSTRALIAN NATIONAL UNIVERSITY,QS00031
BABES-BOLYAI UNIVERSITY,QS00032
BAKU STATE UNIVERSITY,QS00033
BANDUNG INSTITUTE OF TECHNOLOGY (ITB),QS00034
BANGOR UNIVERSITY,QS00035
BAR-ILAN UNIVERSITY,QS00036
BASKENT UNIVERSITESI,QS00037
BAUMAN MOSCOW STATE TECHNICAL UNIVERSITY,QS00038
BAYLOR UNIVERSITY,QS00039
BEIHANG UNIVERSITY (FORMER BUAA),QS00040
BEIJING INSTITUTE OF TECHNOLOGY,QS00041
BEIJING NORMAL UNIVERSITY,QS00042
BELARUSIAN NATIONAL TECHNICAL UNIVERSITY,QS00043
BELARUS STATE UNIVERSITY,QS00044
BEM BORDEAUX MANAGEMENT SCHOOL,QS00045
BEN GURION UNIVERSITY OF THE NEGEV,QS00046
BENEMERITA UNIVERSIDAD AUTONOMA DE PUEBLA,QS00047
BILKENT UNIVERSITY,QS00048
BINGHAMTON UNIVERSITY SUNY,QS00049
BIRKBECK COLLEGE UNIVERSITY OF LONDON,QS00050
BIRMINGHAM INTERNATIONAL COLLEGE,QS00051
BOGAZICI UNIVERSITY,QS00052
BOGOR AGRICULTURAL UNIVERSITY,QS00053
BOND UNIVERSITYBOND UNIVERSITY,QS00054
BOSTON COLLEGE,QS00055
BOSTON UNIVERSITY,QS00056
BRANDEIS UNIVERSITY,QS00057
BRIGHAM YOUNG UNIVERSITY,QS00058
BROWN UNIVERSITY,QS00059
BRUNEL UNIVERSITY,QS00060
CAIRO UNIVERSITY,QS00061
CALIFORNIA INSTITUTE OF TECHNOLOGY (CALTECH),QS00062
CARDIFF UNIVERSITY,QS00063
CARLETON UNIVERSITY,QS00064
CARNEGIE MELLON UNIVERSITY,QS00065
CASE WESTERN RESERVE UNIVERSITY,QS00066
KU LEUVEN,QS00067
CENTRAL EUROPEAN UNIVERSITY,QS00068
CENTRAL SOUTH UNIVERSITY,QS00069
CHALMERS UNIVERSITY OF TECHNOLOGY,QS00070
CHANG GUNG UNIVERSITY,QS00071
CHAOYANG UNIVERSITY OF TECHNOLOGY,QS00072
CHARLES DARWIN UNIVERSITY,QS00073
CHARLES UNIVERSITY,QS00074
CHIANG MAI UNIVERSITY,QS00075
CHIBA UNIVERSITY,QS00076
CHINA AGRICULTURAL UNIVERSITY,QS00077
THE CHINESE UNIVERSITY OF HONG KONG,QS00078
CHONBUK NATIONAL UNIVERSITY,QS00079
CHONNAM NATIONAL UNIVERSITY,QS00080
CHULALONGKORN UNIVERSITY,QS00081
CHUNG-ANG UNIVERSITY,QS00082
CHUNGNAM NATIONAL UNIVERSITY,QS00083
CITY UNIVERSITY LONDON,QS00084
CITY UNIVERSITY OF HONG KONG,QS00085
CITY UNIVERSITY OF NEW YORK,QS00086
CLARK UNIVERSITY,QS00087
CLARKSON UNIVERSITY,QS00088
CLEMSON UNIVERSITY,QS00089
COLLEGE OF WILLIAM & MARY,QS00090
COLORADO STATE UNIVERSITY,QS00091
TEACHERS COLLEGE AT COLUMBIA UNIVERSITY,QS00092
COLUMBIA UNIVERSITY,QS00093
CONCORDIA UNIVERSITY,QS00094
CORNELL UNIVERSITY,QS00095
CORVINUS UNIVERSITY OF BUDAPEST,QS00096
COVENTRY UNIVERSITY,QS00097
CUKUROVA UNIVERSITY,QS00098
CURTIN UNIVERSITY,QS00099
CZECH TECHNICAL UNIVERSITY IN PRAGUE,QS00100
DAEJEON UNIVERSITY,QS00101
DALHOUSIE UNIVERSITY,QS00102
DAMASCUS UNIVERSITY,QS00103
DARTMOUTH COLLEGE,QS00104
DE LA SALLE UNIVERSITY,QS00105
DEAKIN UNIVERSITY,QS00106
DELFT UNIVERSITY OF TECHNOLOGY,QS00107
DIPONEGORO UNIVERSITY,QS00108
DONETSK NATIONAL UNIVERSITY,QS00109
DONGGUK UNIVERSITY,QS00110
DOSHISHA UNIVERSITY,QS00111
DREXEL UNIVERSITY,QS00112
DUBLIN CITY UNIVERSITY,QS00113
DUBLIN INSTITUTE OF TECHNOLOGY,QS00114
DUKE UNIVERSITY,QS00115
DUQUESNE UNIVERSITY,QS00116
DURHAM UNIVERSITY,QS00117
E.A.BUKETOV KARAGANDA STATE UNIVERSITY,QS00118
EASTERN UNIVERSITY OF SRI LANKA,QS00119
ECOLE DES PONTS PARISTECH,QS00120
ECOLE NORMALE SUPERIEURE DE CACHAN,QS00121
ECOLE NORMALE SUPERIEURE DE LYON,QS00122
ECOLE NORMALE SUPERIEURE PARIS,QS00123
ECOLE POLYTECHNIQUE,QS00124
ECOLE POLYTECHNIQUE FEDERALE DE LAUSANNE,QS00125
EINDHOVEN UNIVERSITY OF TECHNOLOGY,QS00126
EMORY UNIVERSITY,QS00127
EOTVOS LORAND UNIVERSITY,QS00128
ERASMUS UNIVERSITY ROTTERDAM,QS00129
EWHA WOMANS UNIVERSITY,QS00130
FAR EASTERN FEDERAL UNIVERSITY,QS00131
FATIMA JINNAH WOMEN UNIVERSITY,QS00132
FLINDERS UNIVERSITY,QS00133
FLORIDA STATE UNIVERSITY,QS00134
FORDHAM UNIVERSITY,QS00135
VRIJE UNIVERSITEIT BRUSSEL (VUB),QS00136
FREIE UNIVERSITAT BERLIN,QS00137
FU JEN CATHOLIC UNIVERSITY,QS00138
FUDAN UNIVERSITY,QS00139
GEORGE MASON UNIVERSITY,QS00140
GEORGE WASHINGTON UNIVERSITY,QS00141
GEORGETOWN UNIVERSITY,QS00142
GEORGIA INSTITUTE OF TECHNOLOGY,QS00143
GEORGIA STATE UNIVERSITY,QS00144
UNIVERSITY COLLEGE GHENT,QS00145
GIFU UNIVERSITY,QS00146
GLASGOW CALEDONIAN UNIVERSITY,QS00147
GOLDSMITHS UNIVERSITY OF LONDON,QS00148
GRIFFITH UNIVERSITY,QS00149
GUNMA UNIVERSITY,QS00150
GWANGJU UNIVERSITY,QS00151
HACETTEPE UNIVERSITY,QS00152
HALLYM UNIVERSITY,QS00153
HANKUK (KOREA) UNIVERSITY OF FOREIGN STUDIES,QS00154
HANYANG UNIVERSITY,QS00155
HARBIN ENGINEERING UNIVERSITY,QS00156
HARBIN INSTITUTE OF TECHNOLOGY,QS00157
HARVARD UNIVERSITY,QS00158
HEBREW UNIVERSITY OF JERUSALEM,QS00159
HERIOT-WATT UNIVERSITY,QS00160
HIROSHIMA UNIVERSITY,QS00161
HOKKAIDO UNIVERSITY,QS00162
HONG KONG BAPTIST UNIVERSITY,QS00163
THE HONG KONG POLYTECHNIC UNIVERSITY,QS00164
THE HONG KONG UNIVERSITY OF SCIENCE AND TECHNOLOGY,QS00165
HOSEO UNIVERSITY,QS00166
HOWARD UNIVERSITY,QS00167
HUAZHONG UNIVERSITY OF SCIENCE AND TECHNOLOGY,QS00168
HUMBOLDT-UNIVERSITAT ZU BERLIN,QS00169
ILLINOIS INSTITUTE OF TECHNOLOGY,QS00170
IMPERIAL COLLEGE LONDON,QS00171
INDIAN INSTITUTE OF TECHNOLOGY BOMBAY (IITB),QS00172
INDIAN INSTITUTE OF TECHNOLOGY DELHI (IITD),QS00173
INDIAN INSTITUTE OF TECHNOLOGY GUWAHATI (IITG),QS00174
INDIAN INSTITUTE OF TECHNOLOGY KANPUR (IITK),QS00175
INDIAN INSTITUTE OF TECHNOLOGY KHARAGPUR (IITKGP),QS00176
INDIAN INSTITUTE OF TECHNOLOGY MADRAS (IITM),QS00177
INDIAN INSTITUTE OF TECHNOLOGY ROORKEE (IITR),QS00178
INDIANA UNIVERSITY BLOOMINGTON,QS00179
INDIRA GANDHI INSTITUTE OF DEVELOPMENT AND RESEARCH,QS00180
INDONESIA INSTITUTE OF THE ARTS SURAKARTA,QS00181
INHA UNIVERSITY,QS00182
INSTITUT DE HAUTES ETUDES EN ADMINISTRATION PUBLIQUE LAUSANNE,QS00183
INSTITUTO POLITECNICO NACIONAL (IPN),QS00184
INSTITUTO TECNOLOGICO AUTONOMO DE MEXICO (ITAM),QS00185
INSTITUTO TECNOLOGICO DE BUENOS AIRES (ITBA),QS00186
INTERNATIONAL ISLAMIC UNIVERSITY MALAYSIA (IIUM),QS00187
IOWA STATE UNIVERSITY,QS00188
ISTANBUL TECHNICAL UNIVERSITY,QS00189
ISTANBUL UNIVERSITY,QS00190
IT UNIVERSITY OF COPENHAGEN,QS00191
JAGIELLONIAN UNIVERSITY,QS00192
JAMES COOK UNIVERSITY,QS00193
JILIN UNIVERSITY,QS00194
JOHANNES GUTENBERG UNIVERSITAT MAINZ,QS00195
JOHANNES KEPLER UNIVERSITY LINZ,QS00196
JOHNS HOPKINS UNIVERSITY,QS00197
JORDAN UNIVERSITY OF SCIENCE & TECHNOLOGY,QS00198
JOSAI UNIVERSITY,QS00199
JUSTUS-LIEBIG-UNIVERSITAT GIEßEN,QS00200
UNIVERSITY OF JYVASKYLA,QS00201
KAGOSHIMA UNIVERSITY,QS00202
KAIST - KOREA ADVANCED INSTITUTE OF SCIENCE & TECHNOLOGY,QS00203
KANAZAWA UNIVERSITY,QS00204
KANSAI GAIDAI UNIVERSITY,QS00205
KANSAS STATE UNIVERSITY,QS00206
KARLSRUHE INSTITUTE OF TECHNOLOGY (KIT),QS00207
KASETSART UNIVERSITY,QS00208
KAUNAS UNIVERSITY OF TECHNOLOGY,QS00209
KAZAKH ABLAI KHAN UNIVERSITY OF INTERNATIONAL RELATIONS AND WORLD LANGUAGES,QS00210
KAZAKH NATIONAL PEDAGOGICAL UNIVERSITY ABAI,QS00211
KAZAKH NATIONAL TECHNICAL UNIVERSITY,QS00212
KAZAKH-BRITISH TECHNICAL UNIVERSITY,QS00213
KAZAN FEDERAL UNIVERSITY,QS00214
KEELE UNIVERSITY,QS00215
KEIO UNIVERSITY,QS00216
KHAZAR UNIVERSITY,QS00217
KHON KAEN UNIVERSITY,QS00218
KING ABDUL AZIZ UNIVERSITY (KAU),QS00219
KING ABDULLAH UNIVERSITY OF SCIENCE & TECHNOLOGY,QS00220
KING FAHD UNIVERSITY OF PETROLEUM & MINERALS,QS00221
KING FAISAL UNIVERSITY,QS00222
KING KHALID UNIVERSITY,QS00223
KING MONGKUT'S UNIVERSITY OF TECHNOLOGY THONBURI,QS00224
KING SAUD UNIVERSITY,QS00225
KING'S COLLEGE LONDON (KCL),QS00226
KINGSTON UNIVERSITY LONDON,QS00227
KOBE UNIVERSITY,QS00228
KOC UNIVERSITY,QS00229
KOREA UNIVERSITY,QS00230
KTH ROYAL INSTITUTE OF TECHNOLOGY,QS00231
KUMAMOTO UNIVERSITY,QS00232
KUWAIT UNIVERSITY,QS00233
KYOTO UNIVERSITY,QS00234
KYOTO WOMEN'S UNIVERSITY,QS00235
KYUNG HEE UNIVERSITY,QS00236
KYUNGPOOK NATIONAL UNIVERSITY,QS00237
KYUSHU UNIVERSITY,QS00238
L.N. GUMILYOV EURASIAN NATIONAL UNIVERSITY,QS00239
LA TROBE UNIVERSITY,QS00240
LANCASTER UNIVERSITY,QS00241
LEHIGH UNIVERSITY,QS00242
LEIDEN UNIVERSITY,QS00243
LINCOLN UNIVERSITY LINCOLN UNIVERSITY,QS00244
LINGNAN UNIVERSITY (HONG KONG),QS00245
LINKOPING UNIVERSITY,QS00246
LOBACHEVSKY STATE UNIVERSITY OF NIZHNI NOVGOROD,QS00247
LODZ UNIVERSITY,QS00248
LOMONOSOV MOSCOW STATE UNIVERSITY,QS00249
LONDON METROPOLITAN UNIVERSITY,QS00250
LONDON SCHOOL OF ECONOMICS AND POLITICAL SCIENCE (LSE),QS00251
LOUGHBOROUGH UNIVERSITY,QS00252
LOUISIANA STATE UNIVERSITY,QS00253
LOYOLA UNIVERSITY CHICAGO,QS00254
LUDWIG-MAXIMILIANS-UNIVERSITAT MUNCHEN,QS00255
LUND UNIVERSITY,QS00256
MAASTRICHT UNIVERSITY,QS00257
MACQUARIE UNIVERSITY,QS00258
MAHIDOL UNIVERSITY,QS00259
MANCHESTER METROPOLITAN UNIVERSITY,QS00260
MARQUETTE UNIVERSITY,QS00261
MARTIN-LUTHER-UNIVERSITAT HALLE-WITTENBERG,QS00262
MASARYK UNIVERSITY,QS00263
MASSACHUSETTS INSTITUTE OF TECHNOLOGY (MIT),QS00264
MASSEY UNIVERSITY,QS00265
MAYO MEDICAL SCHOOL,QS00266
MCGILL UNIVERSITY,QS00267
MCMASTER UNIVERSITY,QS00268
MEMORIAL UNIVERSITY OF NEWFOUNDLAND,QS00269
MIAMI UNIVERSITY,QS00270
MICHIGAN STATE UNIVERSITY,QS00271
MICHIGAN TECHNOLOGICAL UNIVERSITY,QS00272
MIDDLE EAST TECHNICAL UNIVERSITY,QS00273
MIDDLESEX UNIVERSITY,QS00274
MISSOURI UNIVERSITY OF SCIENCE AND TECHNOLOGY,QS00275
MONASH UNIVERSITY,QS00276
MOSCOW INSTITUTE OF PHYSICS AND TECHNOLOGY STATE UNIVERSITY,QS00277
MOSCOW STATE INSTITUTE OF INTERNATIONAL RELATIONS (MGIMO-UNIVERSITY),QS00278
MURDOCH UNIVERSITY,QS00279
NAGASAKI UNIVERSITY,QS00280
NAGOYA UNIVERSITY,QS00281
NANJING UNIVERSITY,QS00282
NANKAI UNIVERSITY,QS00283
NANYANG TECHNOLOGICAL UNIVERSITY (NTU),QS00284
NATIONAL AND KAPODISTRIAN UNIVERSITY OF ATHENS,QS00285
NATIONAL CENTRAL UNIVERSITY,QS00286
NATIONAL CHENG KUNG UNIVERSITY,QS00287
NATIONAL CHENGCHI UNIVERSITY,QS00288
NATIONAL CHIAO TUNG UNIVERSITY,QS00289
NATIONAL CHUNG HSING UNIVERSITY,QS00290
NATIONAL INSTITUTE OF DEVELOPMENT ADMINISTRATION (NIDA),QS00291
NATIONAL RESEARCH UNIVERSITY – HIGHER SCHOOL OF ECONOMICS (HSE),QS00292
NATIONAL SUN YAT-SEN UNIVERSITY,QS00293
NATIONAL TAIPEI UNIVERSITY OF TECHNOLOGY,QS00294
NATIONAL TAIWAN NORMAL UNIVERSITY,QS00295
NATIONAL TAIWAN UNIVERSITY (NTU),QS00296
NATIONAL TAIWAN UNIVERSITY OF SCIENCE AND TECHNOLOGY (FORMERLY NATIONAL TAIWAN INSTITUTE OF TECHNOLOGY),QS00297
NATIONAL TECHNICAL UNIVERSITY OF ATHENS,QS00298
NATIONAL TSING HUA UNIVERSITY,QS00299
NATIONAL UNIVERSITY OF IRELAND GALWAY,QS00300
NATIONAL UNIVERSITY OF IRELAND MAYNOOTH,QS00301
NATIONAL UNIVERSITY OF SCIENCES AND TECHNOLOGY (NUST) ISLAMABAD,QS00302
NATIONAL UNIVERSITY OF SINGAPORE (NUS),QS00303
NATIONAL YANG MING UNIVERSITY,QS00304
NEOMA BUSINESS SCHOOL,QS00305
NEW JERSEY INSTITUTE OF TECHNOLOGY (NJIT),QS00306
NEW SCHOOL UNIVERSITY,QS00307
NEW YORK FILM ACADEMY,QS00308
NEW YORK UNIVERSITY (NYU),QS00309
NEWCASTLE UNIVERSITY,QS00310
NICOLAUS COPERNICUS UNIVERSITY,QS00311
NIIGATA UNIVERSITY,QS00312
NORTH CAROLINA A & T STATE UNIVERSITY,QS00313
NORTH CAROLINA STATE UNIVERSITY,QS00314
NORTHEASTERN UNIVERSITY,QS00315
NORTHUMBRIA UNIVERSITY AT NEWCASTLE,QS00316
NORTHWESTERN UNIVERSITY,QS00317
NORWEGIAN UNIVERSITY OF SCIENCE AND TECHNOLOGY,QS00318
NOTTINGHAM TRENT UNIVERSITY,QS00319
NOVOSIBIRSK STATE UNIVERSITY,QS00320
OCHANOMIZU UNIVERSITY,QS00321
OHIO STATE UNIVERSITY,QS00322
OHIO UNIVERSITY,QS00323
OKAYAMA UNIVERSITY,QS00324
OKLAHOMA STATE UNIVERSITY,QS00325
OREBRO UNIVERSITY,QS00326
OREGON STATE UNIVERSITY,QS00327
OSAKA CITY UNIVERSITY,QS00328
OSAKA PREFECTURE UNIVERSITY,QS00329
OSAKA UNIVERSITY,QS00330
OXFORD BROOKES UNIVERSITY,QS00331
PEKING UNIVERSITY,QS00332
PENNSYLVANIA STATE UNIVERSITY,QS00333
PEOPLE'S FRIENDSHIP UNIVERSITY OF RUSSIA,QS00334
PERUGIA UNIVERSITY,QS00335
PHILIPPS-UNIVERSITAT MARBURG,QS00336
PLEKHANOV RUSSIAN UNIVERSITY OF ECONOMICS,QS00337
POHANG UNIVERSITY OF SCIENCE AND TECHNOLOGY (POSTECH),QS00338
POLITECNICO DI MILANO,QS00339
POLITECNICO DI TORINO,QS00340
POLYTECHNIC INSTITUTE OF LISBON,QS00341
PONTIFICIA UNIVERSIDAD CATOLICA ARGENTINA SANTA MARIA DE LOS BUENOS AIRES - UCA,QS00342
PONTIFICIA UNIVERSIDAD CATOLICA DE CHILE,QS00343
PONTIFICIA UNIVERSIDAD CATOLICA DE VALPARAISO,QS00344
PONTIFICIA UNIVERSIDAD CATOLICA DEL ECUADOR,QS00345
PONTIFICIA UNIVERSIDAD CATOLICA DEL PERU,QS00346
PONTIFICIA UNIVERSIDAD JAVERIANA,QS00347
PONTIFICIA UNIVERSIDADE CATOLICA DE SAO PAULO (PUC -SP),QS00348
PONTIFICIA UNIVERSIDADE CATOLICA DO RIO DE JANEIRO (PUC - RIO),QS00349
PONTIFICIA UNIVERSIDADE CATOLICA DO RIO GRANDE DO SUL,QS00350
PRINCE OF SONGKLA UNIVERSITY,QS00351
PRINCETON UNIVERSITY,QS00352
PURDUE UNIVERSITY,QS00353
PUSAN NATIONAL UNIVERSITY,QS00354
QAFQAZ UNIVERSITY,QS00355
QATAR UNIVERSITY,QS00356
QUEEN MARY UNIVERSITY OF LONDON (QMUL),QS00357
QUEEN'S UNIVERSITY OF BELFAST,QS00358
QUEEN'S UNIVERSITY ONTARIO,QS00359
QUEENSLAND UNIVERSITY OF TECHNOLOGY,QS00360
RADBOUD UNIVERSITY NIJMEGEN,QS00361
RENMIN (PEOPLE’S) UNIVERSITY OF CHINA,QS00362
RENSSELAER POLYTECHNIC INSTITUTE,QS00363
RHEINISCH-WESTFALISCHE TECHNISCHE HOCHSCHULE AACHEN,QS00364
RHEINISCHE FRIEDRICH-WILHELMS-UNIVERSITAT BONN,QS00365
RHODES UNIVERSITY,QS00366
RICE UNIVERSITY,QS00367
RITSUMEIKAN UNIVERSITY,QS00368
RMIT UNIVERSITY,QS00369
ROYAL COLLEGE OF MUSIC IN STOCKHOLM (KMH),QS00370
ROYAL HOLLOWAY UNIVERSITY OF LONDON,QS00371
RUHR-UNIVERSITAT BOCHUM,QS00372
RUPRECHT-KARLS-UNIVERSITAT HEIDELBERG,QS00373
RUTGERS - THE STATE UNIVERSITY OF NEW JERSEY NEWARK,QS00374
RUTGERS THE STATE UNIVERSITY OF NEW JERSEY NEW BRUNSWICK,QS00375
RYERSON UNIVERSITY,QS00376
S.SEIFULLIN KAZAKH AGRO TECHNICAL UNIVERSITY,QS00377
SABANCI UNIVERSITY,QS00378
SAINT-PETERSBURG STATE UNIVERSITY,QS00379
SAITAMA UNIVERSITY,QS00380
SATYA WACANA CHRISTIAN UNIVERSITY,QS00381
SCIENCES PO PARIS,QS00382
SEOKYEONG UNIVERSITY,QS00383
SEOUL NATIONAL UNIVERSITY,QS00384
SEOUL WOMEN'S UNIVERSITY,QS00385
SEPULUH NOPEMBER INSTITUTE OF TECHNOLOGY,QS00386
SHANDONG UNIVERSITY,QS00387
SHANGHAI JIAO TONG UNIVERSITY,QS00388
SHANGHAI UNIVERSITY,QS00389
SHANMUGHA ARTS SCIENCE TECHNOLOGY AND RESEARCH ACADEMY (SASTRA),QS00390
SHARIF UNIVERSITY OF TECHNOLOGY,QS00391
SHINSHU UNIVERSITY,QS00392
SIMON FRASER UNIVERSITY,QS00393
SMITH COLLEGE,QS00394
SOAS - SCHOOL OF ORIENTAL AND AFRICAN STUDIES UNIVERSITY OF LONDON,QS00395
SOGANG UNIVERSITY,QS00396
SOUTH KAZAKHSTAN STATE UNIVERSITY (SKSU),QS00397
SOUTHEAST UNIVERSITY,QS00398
SOUTHERN FEDERAL UNIVERSITY,QS00399
SOUTHERN METHODIST UNIVERSITY,QS00400
ST. PETERSBURG STATE POLITECHNICAL UNIVERSITY,QS00401
STANFORD UNIVERSITY,QS00402
STELLENBOSCH UNIVERSITY,QS00403
STEVENS INSTITUTE OF TECHNOLOGY,QS00404
STOCKHOLM UNIVERSITY,QS00405
STONY BROOK UNIVERSITY,QS00406
SULTAN QABOOS UNIVERSITY,QS00407
SUN YAT-SEN UNIVERSITY,QS00408
SUNGKYUNKWAN UNIVERSITY,QS00409
SUNY - COLLEGE OF ENVIRONMENTAL SCIENCE AND FORESTRY,QS00410
SUP DE CO AMIENS PICARDIE,QS00411
SWANSEA UNIVERSITY,QS00412
SWINBURNE UNIVERSITY OF TECHNOLOGY,QS00413
ETH ZURICH (SWISS FEDERAL INSTITUTE OF TECHNOLOGY),QS00414
SYRACUSE UNIVERSITY,QS00415
TAIPEI MEDICAL UNIVERSITY,QS00416
TALLINN UNIVERSITY OF TECHNOLOGY,QS00417
TAMPERE UNIVERSITY OF TECHNOLOGY,QS00418
TARAS SHEVCHENKO NATIONAL UNIVERSITY OF KYIV,QS00419
UNIVERSITY OF TARTU,QS00420
TECHNICAL UNIVERSITY OF DENMARK,QS00421
TECHNION - ISRAEL INSTITUTE OF TECHNOLOGY,QS00422
TECHNISCHE UNIVERSITAT BERLIN,QS00423
TECHNISCHE UNIVERSITAT BRAUNSCHWEIG,QS00424
TECHNISCHE UNIVERSITAT DARMSTADT,QS00425
TECHNISCHE UNIVERSITAT DORTMUND,QS00426
TECHNISCHE UNIVERSITAT DRESDEN,QS00427
TECHNISCHE UNIVERSITAT KAISERSLAUTERN,QS00428
TECHNISCHE UNIVERSITAT MUNCHEN,QS00429
VIENNA UNIVERSITY OF TECHNOLOGY,QS00430
TECNOLOGICO DE MONTERREY (ITESM),QS00431
TEL AVIV UNIVERSITY,QS00432
TEMPLE UNIVERSITY,QS00433
TEXAS A&M UNIVERSITY,QS00434
THAMMASAT UNIVERSITY,QS00435
THE CATHOLIC UNIVERSITY OF KOREA,QS00436
THE HAGUE UNIVERSITY,QS00437
THE OPEN UNIVERSITY,QS00438
THE ROBERT GORDON UNIVERSITY,QS00439
THE SAPIR ACADEMIC COLLEGE,QS00440
TIANJIN UNIVERSITY,QS00441
TILBURG UNIVERSITY,QS00442
TOHOKU UNIVERSITY,QS00443
TOKAI UNIVERSITY,QS00444
TOKYO INSTITUTE OF TECHNOLOGY,QS00445
TOKYO KASEI UNIVERSITY,QS00446
TOKYO MEDICAL AND DENTAL UNIVERSITY,QS00447
TOKYO METROPOLITAN UNIVERSITY,QS00448
TOKYO UNIVERSITY OF AGRICULTURE AND TECHNOLOGY,QS00449
TOKYO UNIVERSITY OF SCIENCE,QS00450
TOMSK POLYTECHNIC UNIVERSITY,QS00451
TOMSK STATE UNIVERSITY,QS00452
TONGJI UNIVERSITY,QS00453
TSINGHUA UNIVERSITY,QS00454
TUFTS UNIVERSITY,QS00455
TULANE UNIVERSITY,QS00456
TURKU UNIVERSITY OF APPLIED SCIENCES,QS00457
UMEA UNIVERSITY,QS00458
UMM AL-QURA UNIVERSITY,QS00459
UNITED ARAB EMIRATES UNIVERSITY,QS00460
UNIVERSIDAD ADOLFO IBANEZ,QS00461
UNIVERSIDAD ANAHUAC,QS00462
UNIVERSIDAD AUSTRAL - ARGENTINA,QS00463
UNIVERSIDAD AUSTRAL DE CHILE,QS00464
UNIVERSIDAD AUTONOMA DE BUCARAMANGA,QS00465
UNIVERSIDAD AUTONOMA DE MADRID,QS00466
UNIVERSIDAD AUTONOMA DEL ESTADO DE MEXICO,QS00467
UNIVERSIDAD AUTONOMA METROPOLITANA (UAM),QS00468
UNIVERSIDAD CARLOS III DE MADRID,QS00469
UNIVERSIDAD CATOLICA ANDRES BELLO - UCAB,QS00470
UNIVERSIDAD CENTRAL DE VENEZUELA - UCV,QS00471
UNIVERSITY COMPLUTENSE MADRID,QS00472
UNIVERSIDAD DE ALCALA,QS00473
UNIVERSIDAD DE ANTIOQUIA,QS00474
UNIVERSIDAD DE BELGRANO,QS00475
UNIVERSIDAD DE BUENOS AIRES,QS00476
UNIVERSIDAD DE CHILE,QS00477
UNIVERSIDAD DE CONCEPCION,QS00478
UNIVERSIDAD DE COSTA RICA,QS00479
UNIVERSITY OF GRANADA,QS00480
UNIVERSIDAD DE GUADALAJARA (UDG),QS00481
UNIVERSIDAD DE LA FRONTERA (UFRO),QS00482
UNIVERSIDAD DE LA HABANA,QS00483
UNIVERSIDAD DE LA REPUBLICA (UDELAR),QS00484
UNIVERSIDAD DE LA SABANA,QS00485
UNIVERSIDAD DE LAS AMERICAS PUEBLA (UDLAP),QS00486
UNIVERSIDAD DE LOS ANDES COLOMBIA,QS00487
UNIVERSIDAD DE LOS ANDES MERIDA,QS00488
UNIVERSITY OF NAVARRA,QS00489
UNIVERSIDAD DE PALERMO,QS00490
UNIVERSIDAD DE PUERTO RICO,QS00491
UNIVERSITY OF SALAMANCA,QS00492
UNIVERSIDAD DE SAN ANDRA©S,QS00493
UNIVERSIDAD DE SAN FRANCISCO DE QUITO,QS00494
UNIVERSIDAD DE SANTIAGO DE CHILE - USACH,QS00495
UNIVERSIDAD DE SEVILLA,QS00496
UNIVERSIDAD DE TALCA,QS00497
UNIVERSIDAD DE ZARAGOZA,QS00498
UNIVERSIDAD DEL NORTE,QS00499
UNIVERSIDAD DEL ROSARIO,QS00500
UNIVERSIDAD DEL VALLE,QS00501
UNIVERSIDAD DIEGO PORTALES,QS00502
UNIVERSIDAD EAFIT,QS00503
UNIVERSIDAD IBEROAMERICANA (UIA),QS00504
UNIVERSIDAD INDUSTRIAL DE SANTANDER,QS00505
UNIVERSIDAD NACIONAL AUTONOMA DE MEXICO (UNAM),QS00506
UNIVERSIDAD NACIONAL COSTA RICA,QS00507
UNIVERSIDAD NACIONAL DE COLOMBIA,QS00508
UNIVERSIDAD NACIONAL DE CORDOBA,QS00509
UNIVERSIDAD NACIONAL DE CUYO,QS00510
UNIVERSIDAD NACIONAL DE LA PLATA,QS00511
UNIVERSIDAD NACIONAL DE MAR DEL PLATA,QS00512
UNIVERSIDAD NACIONAL DE ROSARIO,QS00513
UNIVERSIDAD NACIONAL DE TUCUMAN,QS00514
UNIVERSIDAD NACIONAL DEL SUR,QS00515
UNIVERSIDAD NACIONAL MAYOR DE SAN MARCOS,QS00516
UNIVERSIDAD ORT URUGUAY,QS00517
UNIVERSIDAD PERUANA CAYETANO HEREDIA,QS00518
POLITECNICA DE MADRID,QS00519
UNIVERSIDAD SIMON BOLIVAR VENEZUELA,QS00520
UNIVERSIDAD TECNICA FEDERICO SANTA MARIA,QS00521
UNIVERSIDAD TECNOLOGICA NACIONAL (UTN),QS00522
UNIVERSIDAD TORCUATO DI TELLA,QS00523
UNIVERSIDADE CATOLICA PORTUGUESA LISBOA,QS00524
UNIVERSIDADE DE BRASILIA (UNB),QS00525
UNIVERSIDADE DE SANTIAGO DE COMPOSTELA,QS00526
UNIVERSIDADE DE SAO PAULO (USP),QS00527
UNIVERSIDADE DO ESTADO DO RIO DE JANEIRO (UERJ),QS00528
UNIVERSIDADE ESTADUAL DE CAMPINAS,QS00529
UNIVERSIDADE ESTADUAL DE LONDRINA (UEL),QS00530
(UNESP),QS00531
UNIVERSIDADE FEDERAL DA BAHIA,QS00532
UNIVERSIDADE FEDERAL DE MINAS GERAIS,QS00533
UNIVERSIDADE FEDERAL DE SANTA CATARINA,QS00534
UNIVERSIDADE FEDERAL DE SANTA MARIA,QS00535
UNIVERSIDADE FEDERAL DE SAO CARLOS,QS00536
UNIVERSIDADE FEDERAL DE SAO PAULO (UNIFESP),QS00537
UNIVERSIDADE FEDERAL DE VICOSA,QS00538
UNIVERSIDADE FEDERAL DO CEARA (UFC),QS00539
UNIVERSIDADE FEDERAL DO PARANA (UFPR),QS00540
UNIVERSIDADE FEDERAL DO PERNAMBUCO,QS00541
UNIVERSIDADE FEDERAL DO RIO DE JANEIRO,QS00542
UNIVERSIDADE FEDERAL DO RIO GRANDE DO SUL,QS00543
UNIVERSIDADE FEDERAL FLUMINENSE,QS00544
UNIVERSIDADE NOVA DE LISBOA,QS00545
UNIVERSIDADE TECNICA DE LISBOA,QS00546
UNIVERSITA  CA' FOSCARI VENEZIA,QS00547
UNIVERSITA' DEGLI STUDI DELL'AQUILA,QS00548
UNIVERSITY OF FLORENCE,QS00549
UNIVERSITY OF GENOA,QS00550
UNIVERSITY OF MILANO,QS00551
UNIVERSITY OF NAPLES - FEDERICO II,QS00552
UNIVERSITY OF PADUA,QS00553
UNIVERSITA  DEGLI STUDI DI PAVIA,QS00554
SAPIENZA UNIVERSITY OF ROME,QS00555
UNIVERSITA¡ DEGLI STUDI DI ROMA - TOR VERGATA,QS00556
UNIVERSITY OF TURIN,QS00557
UNIVERSITY OF TRENTO,QS00558
UNIVERSITA DEGLI STUDI ROMA TRE,QS00559
UNIVERSITY OF BOLOGNA,QS00560
UNIVERSITY OF PISA,QS00561
UNIVERSITAS GADJAH MADA,QS00562
UNIVERSITAT AUTONOMA DE BARCELONA,QS00563
UNIVERSITY OF BASEL,QS00564
UNIVERSITAT BAYREUTH,QS00565
UNIVERSITY OF BERN,QS00566
UNIVERSITAT BIELEFELD,QS00567
UNIVERSITAT BREMEN,QS00568
UNIVERSITY OF BARCELONA,QS00569
UNIVERSITAT DE VALENCIA,QS00570
UNIVERSITAT DES SAARLANDES,QS00571
UNIVERSITAT DUSSELDORF,QS00572
UNIVERSITAT ERLANGEN-NURNBERG,QS00573
UNIVERSITAT FRANKFURT AM MAIN,QS00574
UNIVERSITAT FREIBURG,QS00575
GEORG-AUGUST-UNIVERSITAT GOTTINGEN,QS00576
UNIVERSITAT HAMBURG,QS00577
LEIBNIZ UNIVERSITAT HANNOVER,QS00578
UNIVERSITAT INNSBRUCK,QS00579
UNIVERSITAT JAUME I,QS00580
UNIVERSITAT KONSTANZ,QS00581
UNIVERSITAT LEIPZIG,QS00582
UNIVERSITAT MANNHEIM,QS00583
WESTFALISCHE WILHELMS-UNIVERSITAT MUNSTER,QS00584
UNIVERSITAT POLITECNICA DE CATALUNYA,QS00585
UNIVERSITAT POLITECNICA DE VALENCIA,QS00586
UNIVERSITAT POMPEU FABRA,QS00587
UNIVERSITAT REGENSBURG,QS00588
PARIS LODRON UNIVERSITY OF SALZBURG,QS00589
UNIVERSITAT STUTTGART,QS00590
UNIVERSITAT TRIER,QS00591
EBERHARD KARLS UNIVERSITAT TUBINGEN,QS00592
UNIVERSITAT ULM,QS00593
UNIVERSITY OF VIENNA,QS00594
JULIUS-MAXIMILIANS-UNIVERSITAT WURZBURG,QS00595
UNIVERSITAT ZU KOLN,QS00596
UNIVERSITY OF ZURICH,QS00597
UNIVERSITA  CATTOLICA DEL SACRO CUORE,QS00598
UNIVERSITE AIX-MARSEILLE,QS00599
UNIVERSITE BORDEAUX 1 SCIENCES TECHNOLOGIES,QS00600
UNIVERSITE CATHOLIQUE DE LOUVAIN (UCL),QS00601
UNIVERSITE CHARLES-DE-GAULLE LILLE 3,QS00602
UNIVERSITE CLAUDE BERNARD LYON 1,QS00603
UNIVERSITE DE CAEN BASSE-NORMANDIE,QS00604
UNIVERSITE DE CERGY-PONTOISE,QS00605
UNIVERSITY OF GENEVA,QS00606
UNIVERSITY OF LAUSANNE,QS00607
UNIVERSITY OF LIEGE,QS00608
UNIVERSITE DE LORRAINE,QS00609
UNIVERSITE DE MONTREAL,QS00610
UNIVERSITE DE NANTES,QS00611
UNIVERSITY OF NEUCHATEL,QS00612
UNIVERSITE DE POITIERS,QS00613
UNIVERSITE DE RENNES 1,QS00614
UNIVERSITE DE SHERBROOKE,QS00615
UNIVERSITE DE STRASBOURG,QS00616
UNIVERSITE DU QUEBEC,QS00617
UNIVERSITE JEAN MOULIN LYON 3,QS00618
UNIVERSITE JOSEPH FOURIER - GRENOBLE 1,QS00619
LAVAL UNIVERSITY,QS00620
UNIVERSITE LIBRE DE BRUXELLES (ULB),QS00621
UNIVERSITE LILLE 1 SCIENCES ET TECHNOLOGIE,QS00622
UNIVERSITE LILLE 2 DROIT ET SANTE,QS00623
UNIVERSITE LUMIERE LYON 2,QS00624
UNIVERSITE MONTPELLIER 1,QS00625
UNIVERSITE MONTPELLIER 2 SCIENCES ET TECHNIQUES DU LANGUEDOC,QS00626
UNIVERSITE NICE SOPHIA-ANTIPOLIS,QS00627
UNIVERSITE PANTHEON-ASSAS (PARIS 2),QS00628
UNIVERSITE PARIS 1 PANTHEON-SORBONNE,QS00629
UNIVERSITE PARIS DAUPHINE,QS00630
UNIVERSITE PARIS DESCARTES,QS00631
UNIVERSITE PARIS DIDEROT - PARIS 7,QS00632
UNIVERSITE PARIS OUEST NANTERRE LA DEFENSE,QS00633
UNIVERSITE PARIS-SORBONNE (PARIS IV),QS00634
UNIVERSITE PARIS-SUD 11,QS00635
UNIVERSITE PAUL SABATIER TOULOUSE III,QS00636
UNIVERSITE PAUL-VALERY MONTPELLIER 3,QS00637
UNIVERSITE PIERRE ET MARIE CURIE (UPMC),QS00638
UNIVERSITE PIERRE MENDES FRANCE - GRENOBLE 2,QS00639
UNIVERSITE SAINT-JOSEPH DE BEYROUTH,QS00640
UNIVERSITE STENDHAL GRENOBLE 3,QS00641
UNIVERSITE TOULOUSE 1 CAPITOLE,QS00642
UNIVERSITE TOULOUSE II LE MIRAIL,QS00643
UNIVERSITI KEBANGSAAN MALAYSIA (UKM),QS00644
UNIVERSITI MALAYA (UM),QS00645
UNIVERSITI PUTRA MALAYSIA (UPM),QS00646
UNIVERSITI SAINS MALAYSIA (USM),QS00647
UNIVERSITI TEKNOLOGI MALAYSIA (UTM),QS00648
UNIVERSITI TEKNOLOGI MARA - UITM,QS00649
UNIVERSITI TUN HUSSEIN ONN UNIVERSITY OF MALAYSIA (UTHM),QS00650
UNIVERSITY AT ALBANY SUNY,QS00651
UNIVERSITY AT BUFFALO SUNY,QS00652
UNIVERSITY AUTONOMA DE NUEVO LEON (UANL),QS00653
UNIVERSITY COLLEGE CORK,QS00654
UNIVERSITY COLLEGE DUBLIN,QS00655
UCL (UNIVERSITY COLLEGE LONDON),QS00656
UNIVERSITY MOZARTEUM SALZBURG,QS00657
UNIVERSITY OF ABERDEEN,QS00658
UNIVERSITY OF ADELAIDE,QS00659
UNIVERSITY OF ALABAMA,QS00660
UNIVERSITY OF ALABAMA BIRMINGHAM,QS00661
UNIVERSITY OF ALBERTA,QS00662
UNIVERSITY OF AMSTERDAM,QS00663
UNIVERSITY OF ANTWERP,QS00664
UNIVERSITY OF ARIZONA,QS00665
UNIVERSITY OF ARKANSAS,QS00666
UNIVERSITY OF AUCKLAND,QS00667
UNIVERSITY OF BAGHDAD,QS00668
UNIVERSITY OF BAHRAIN,QS00669
UNIVERSITY OF BARI,QS00670
UNIVERSITY OF BATH,QS00671
UNIVERSITY OF BELGRADE,QS00672
UNIVERSITY OF BERGEN,QS00673
UNIVERSITY OF BIRMINGHAM,QS00674
UNIVERSITY OF BRADFORD,QS00675
UNIVERSITY OF BRAWIJAYA,QS00676
UNIVERSITY OF BRESCIA,QS00677
UNIVERSITY OF BRISTOL,QS00678
UNIVERSITY OF BRITISH COLUMBIA,QS00679
UNIVERSITY OF BUCHAREST,QS00680
UNIVERSITY OF BUCKINGHAM,QS00681
UNIVERSITY OF CALCUTTA,QS00682
UNIVERSITY OF CALGARY,QS00683
UNIVERSITY OF CALIFORNIA BERKELEY (UCB),QS00684
UNIVERSITY OF CALIFORNIA DAVIS,QS00685
UNIVERSITY OF CALIFORNIA IRVINE,QS00686
UNIVERSITY OF CALIFORNIA LOS ANGELES (UCLA),QS00687
UNIVERSITY OF CALIFORNIA RIVERSIDE,QS00688
UNIVERSITY OF CALIFORNIA SAN DIEGO (UCSD),QS00689
UNIVERSITY OF CALIFORNIA SANTA BARBARA (UCSB),QS00690
UNIVERSITY OF CALIFORNIA SANTA CRUZ,QS00691
UNIVERSITY OF CAMBRIDGE,QS00692
UNIVERSITY OF CANBERRA,QS00693
UNIVERSITY OF CANTERBURY,QS00694
UNIVERSITY OF CAPE TOWN,QS00695
CATANIA UNIVERSITY,QS00696
UNIVERSITY OF CENTRAL LANCASHIRE,QS00697
UNIVERSITY OF CHICAGO,QS00698
UNIVERSITY OF CINCINNATI,QS00699
UNIVERSITY OF COIMBRA,QS00700
UNIVERSITY OF COLOMBO,QS00701
UNIVERSITY OF COLORADO BOULDER,QS00702
UNIVERSITY OF CONNECTICUT,QS00703
UNIVERSITY OF CONNECTICUT HEALTH CENTER,QS00704
UNIVERSITY OF COPENHAGEN,QS00705
UNIVERSITY OF CRETE,QS00706
UNIVERSITY OF DEBRECEN,QS00707
UNIVERSITY OF DELAWARE,QS00708
UNIVERSITY OF DELHI,QS00709
UNIVERSITY OF DENVER,QS00710
UNIVERSITY OF DHAKA,QS00711
TRINITY COLLEGE DUBLIN,QS00712
UNIVERSITAT DUISBURG-ESSEN,QS00713
UNIVERSITY OF DUNDEE,QS00714
UNIVERSITY OF EAST ANGLIA (UEA),QS00715
UNIVERSITY OF EAST LONDON,QS00716
UNIVERSITY OF EASTERN FINLAND,QS00717
UNIVERSITY OF ECONOMICS PRAGUE,QS00718
UNIVERSITY OF EDINBURGH,QS00719
UNIVERSITY OF ENGINEERING & TECHNOLOGY (UET) LAHORE,QS00720
UNIVERSITY OF ESSEX,QS00721
UNIVERSITY OF EXETER,QS00722
UNIVERSITY OF FLORIDA,QS00723
UNIVERSITY OF GEORGIA,QS00724
UNIVERSITY OF GHENT,QS00725
UNIVERSITY OF GLASGOW,QS00726
UNIVERSITY OF GOTHENBURG,QS00727
KARL-FRANZENS-UNIVERSITAT GRAZ,QS00728
UNIVERSITY OF GREENWICH,QS00729
UNIVERSITY OF GRONINGEN,QS00730
UNIVERSITY OF GUELPH,QS00731
UNIVERSITY OF HAWAII AT MANOA,QS00732
UNIVERSITY OF HELSINKI,QS00733
UNIVERSITY OF HERTFORDSHIRE,QS00734
UNIVERSITY OF HONG KONG,QS00735
UNIVERSITY OF HOUSTON,QS00736
UNIVERSITY OF HULL,QS00737
UNIVERSITY OF ILLINOIS CHICAGO (UIC),QS00738
UNIVERSITY OF ILLINOIS AT URBANA-CHAMPAIGN,QS00739
UNIVERSITY OF INDONESIA,QS00740
UNIVERSITY OF IOWA,QS00741
UNIVERSITAT JENA,QS00742
UNIVERSITY OF JOHANNESBURG,QS00743
UNIVERSITY OF JORDAN,QS00744
UNIVERSITY OF KANSAS,QS00745
UNIVERSITY OF KARACHI,QS00746
UNIVERSITY OF KENT,QS00747
UNIVERSITY OF KENTUCKY,QS00748
CHRISTIAN-ALBRECHTS-UNIVERSITAT ZU KIEL,QS00749
UNIVERSITY OF KWAZULU-NATAL,QS00750
UNIVERSITY OF LAHORE,QS00751
UNIVERSITY OF LATVIA,QS00752
UNIVERSITY OF LEEDS,QS00753
UNIVERSITY OF LEICESTER,QS00754
UNIVERSITY OF LIMERICK,QS00755
UNIVERSITY OF LISBON,QS00756
UNIVERSITY OF LIVERPOOL,QS00757
UNIVERSITY OF LJUBLJANA,QS00758
UNIVERSITY OF MANCHESTER,QS00759
UNIVERSITY OF MANITOBA,QS00760
UNIVERSITY OF MARYLAND COLLEGE PARK,QS00761
UNIVERSITY OF MASSACHUSETTS AMHERST,QS00762
UNIVERSITY OF MELBOURNE,QS00763
UNIVERSITY OF MIAMI,QS00764
UNIVERSITY OF MICHIGAN,QS00765
UNIVERSITY OF MILANO-BICOCCA,QS00766
UNIVERSITY OF MINNESOTA,QS00767
UNIVERSITY OF MISSISSIPPI,QS00768
UNIVERSITY OF MISSOURI COLUMBIA,QS00769
UNIVERSITY OF MODENA,QS00770
UNIVERSITY OF MUMBAI,QS00771
UNIVERSITY OF MURCIA,QS00772
UNIVERSITY OF NEBRASKA - LINCOLN,QS00773
UNIVERSITY OF NEW ENGLAND,QS00774
UNIVERSITY OF NEW HAMPSHIRE,QS00775
UNIVERSITY OF NEW MEXICO,QS00776
UNIVERSITY OF NEW ORLEANS,QS00777
UNIVERSITY OF NEW SOUTH WALES,QS00778
UNIVERSITY OF NEWCASTLE,QS00779
UNIVERSITY OF NORTH CAROLINA CHAPEL HILL,QS00780
UNIVERSITY OF NOTRE DAME,QS00781
UNIVERSITY OF NOTTINGHAM,QS00782
UNIVERSITY OF OKLAHOMA,QS00783
UNIVERSITY OF OREGON,QS00784
UNIVERSITY OF OSLO,QS00785
UNIVERSITY OF OTAGO,QS00786
UNIVERSITY OF OTTAWA,QS00787
UNIVERSITY OF OULU,QS00788
UNIVERSITY OF OXFORD,QS00789
UNIVERSITY OF PATRAS,QS00790
UNIVERSITY OF PENNSYLVANIA,QS00791
UNIVERSITY OF PITTSBURGH,QS00792
UNIVERSITY OF PLYMOUTH,QS00793
UNIVERSITY OF PORTO,QS00794
UNIVERSITY OF PRETORIA,QS00795
UNIVERSITY OF PUNE,QS00796
UNIVERSITY OF QUEBEC SYSTEM,QS00797
UNIVERSITY OF QUEENSLAND,QS00798
UNIVERSITY OF READING,QS00799
UNIVERSITY OF ROCHESTER,QS00800
UNIVERSITY OF SALFORD,QS00801
UNIVERSITY OF SAN DIEGO,QS00802
UNIVERSITY OF SAN FRANCISCO,QS00803
UNIVERSITY OF SANTO TOMAS,QS00804
UNIVERSITY OF SASKATCHEWAN,QS00805
UNIVERSITY OF SCIENCE AND TECHNOLOGY BEIJING,QS00806
UNIVERSITY OF SCIENCE AND TECHNOLOGY OF CHINA,QS00807
UNIVERSITY OF SEOUL,QS00808
UNIVERSITY OF SHEFFIELD,QS00809
UNIVERSITY OF SIENA,QS00810
UNIVERSITY OF SOUTH AUSTRALIA,QS00811
UNIVERSITY OF SOUTH CAROLINA,QS00812
UNIVERSITY OF SOUTH FLORIDA,QS00813
UNIVERSITY OF SOUTHAMPTON,QS00814
UNIVERSITY OF SOUTHERN CALIFORNIA,QS00815
UNIVERSITY OF SOUTHERN DENMARK,QS00816
UNIVERSITY OF SOUTHERN QUEENSLAND,QS00817
UNIVERSITY OF ST GALLEN (HSG),QS00818
UNIVERSITY OF ST GALLEN (HSG)UNIVERSITY OF ST GALLEN (HSG),QS00819
UNIVERSITY OF ST ANDREWS,QS00820
UNIVERSITY OF ST. KLIMENT OHRIDSKI,QS00821
UNIVERSITY OF STIRLING,QS00822
UNIVERSITY OF STRATHCLYDE,QS00823
UNIVERSITY OF SUNDERLAND,QS00824
UNIVERSITY OF SURREY,QS00825
UNIVERSITY OF SUSSEX,QS00826
UNIVERSITY OF SYDNEY,QS00827
UNIVERSITY OF SZEGED,QS00828
UNIVERSITY OF TAMPERE,QS00829
UNIVERSITY OF TASMANIA,QS00830
BRNO UNIVERSITY OF TECHNOLOGY,QS00831
UNIVERSITY OF TECHNOLOGY SYDNEY,QS00832
UNIVERSITY OF TEHRAN,QS00833
UNIVERSITY OF TENNESSEE,QS00834
UNIVERSITY OF TEXAS AT DALLAS,QS00835
UNIVERSITY OF TEXAS AT AUSTIN,QS00836
UNIVERSITY OF THE PACIFIC,QS00837
UNIVERSITY OF THE PHILIPPINES,QS00838
UNIVERSITY OF THE WITWATERSRAND,QS00839
UNIVERSITY OF TOKYO,QS00840
UNIVERSITY OF TORONTO,QS00841
UNIVERSITY OF TRIESTE,QS00842
UNIVERSITY OF TROMSO,QS00843
UNIVERSITY OF TSUKUBA,QS00844
UNIVERSITY OF TULSA,QS00845
UNIVERSITY OF TURKU,QS00846
UNIVERSITY OF TWENTE,QS00847
UNIVERSITY OF ULSAN,QS00848
UNIVERSITY OF ULSTER,QS00849
UNIVERSITY OF UTAH,QS00850
UNIVERSITY OF VERMONT,QS00851
UNIVERSITY OF VICTORIA,QS00852
UNIVERSITY OF VIRGINIA,QS00853
UNIVERSITY OF WAIKATO,QS00854
UNIVERSITY OF WALES,QS00855
UNIVERSITY OF WARSAW,QS00856
UNIVERSITY OF WARWICK,QS00857
UNIVERSITY OF WASHINGTON,QS00858
UNIVERSITY OF WATERLOO,QS00859
UNIVERSITY OF WEST BOHEMIA,QS00860
UNIVERSITY OF WEST HUNGARY,QS00861
UNIVERSITY OF WESTERN AUSTRALIA,QS00862
WESTERN UNIVERSITY,QS00863
UNIVERSITY OF WESTERN SYDNEY,QS00864
UNIVERSITY OF WINDSOR,QS00865
UNIVERSITY OF WISCONSIN-MADISON,QS00866
UNIVERSITY OF WOLLONGONG,QS00867
UNIVERSITY OF WROCLAW,QS00868
UNIVERSITY OF YORK,QS00869
UNIVERSITY OF ZAGREB,QS00870
UPPSALA UNIVERSITY,QS00871
URAL FEDERAL UNIVERSITY,QS00872
UTRECHT UNIVERSITY,QS00873
VANDERBILT UNIVERSITY,QS00874
VERONA UNIVERSITY,QS00875
VICTORIA UNIVERSITY,QS00876
VICTORIA UNIVERSITY OF WELLINGTON,QS00877
VILNIUS GEDIMINAS TECHNICAL UNIVERSITY,QS00878
VILNIUS UNIVERSITY,QS00879
VIRGINIA COMMONWEALTH UNIVERSITY,QS00880
VIRGINIA POLYTECHNIC INSTITUTE (VIRGINIA TECH),QS00881
VORONEZH STATE UNIVERSITY,QS00882
VU UNIVERSITY AMSTERDAM,QS00883
VYTAUTAS MAGNUS UNIVERSITY,QS00884
WAGENINGEN UNIVERSITY,QS00885
WAKE FOREST UNIVERSITY,QS00886
WARSAW UNIVERSITY OF TECHNOLOGY,QS00887
WASEDA UNIVERSITY,QS00888
WASHINGTON STATE UNIVERSITY,QS00889
WASHINGTON UNIVERSITY IN ST. LOUIS,QS00890
WEST UNIVERSITY OF TIMISOARA,QS00891
WORCESTER POLYTECHNIC INSTITUTE,QS00892
WRIGHT STATE UNIVERSITY,QS00893
WUHAN UNIVERSITY,QS00894
XIAMEN UNIVERSITY,QS00895
XI'AN JIAOTONG UNIVERSITY,QS00896
YALE UNIVERSITY,QS00897
YAMAGUCHI UNIVERSITY,QS00898
YESHIVA UNIVERSITY,QS00899
YOKOHAMA CITY UNIVERSITY,QS00900
YOKOHAMA NATIONAL UNIVERSITY,QS00901
YONSEI UNIVERSITY,QS00902
YORK UNIVERSITY,QS00903
ZAGAZIG UNIVERSITY,QS00904
ZHEJIANG UNIVERSITY,QS00905
